Afghanistan	Asia	1950	8150368
Afghanistan	Asia	1960	9829450
Afghanistan	Asia	1970	12430623
Afghanistan	Asia	1980	15112149
Afghanistan	Asia	1990	14669339
Afghanistan	Asia	2000	23898198
Afghanistan	Asia	2010	34504794
Afghanistan	Asia	2020	44546287
Afghanistan	Asia	2030	56322744
Afghanistan	Asia	2040	69094697
Afghanistan	Asia	2050	81933479
Albania	Europe	1950	1227156
Albania	Europe	1960	1623114
Albania	Europe	1970	2156612
Albania	Europe	1980	2671412
Albania	Europe	1990	3250778
Albania	Europe	2000	3473835
Albania	Europe	2010	3659616
Albania	Europe	2020	3867621
Albania	Europe	2030	3987665
Albania	Europe	2040	4017649
Albania	Europe	2050	4016945
Algeria	Africa	1950	8892718
Algeria	Africa	1960	10909294
Algeria	Africa	1970	13931846
Algeria	Africa	1980	18806061
Algeria	Africa	1990	25089032
Algeria	Africa	2000	30429227
Algeria	Africa	2010	34586184
Algeria	Africa	2020	38594083
Algeria	Africa	2030	41640607
Algeria	Africa	2040	43424543
Algeria	Africa	2050	44163403
American Samoa	Oceania	1950	19100
American Samoa	Oceania	1960	20000
American Samoa	Oceania	1970	27267
American Samoa	Oceania	1980	32418
American Samoa	Oceania	1990	47199
American Samoa	Oceania	2000	57771
American Samoa	Oceania	2010	66432
American Samoa	Oceania	2020	75018
American Samoa	Oceania	2030	83664
American Samoa	Oceania	2040	91036
American Samoa	Oceania	2050	98269
Andorra	Europe	1950	6176
Andorra	Europe	1960	8392
Andorra	Europe	1970	19545
Andorra	Europe	1980	33584
Andorra	Europe	1990	52747
Andorra	Europe	2000	65099
Andorra	Europe	2010	84525
Andorra	Europe	2020	85635
Andorra	Europe	2030	84239
Andorra	Europe	2040	81093
Andorra	Europe	2050	74765
Angola	Africa	1950	4117617
Angola	Africa	1960	4797344
Angola	Africa	1970	5605626
Angola	Africa	1980	6743080
Angola	Africa	1990	8296606
Angola	Africa	2000	10377267
Angola	Africa	2010	13068161
Angola	Africa	2020	15898046
Angola	Africa	2030	18959940
Angola	Africa	2040	21955159
Angola	Africa	2050	24746652
Anguilla	Southern America	1950	5219
Anguilla	Southern America	1960	5648
Anguilla	Southern America	1970	6100
Anguilla	Southern America	1980	6515
Anguilla	Southern America	1990	8411
Anguilla	Southern America	2000	11426
Anguilla	Southern America	2010	14764
Anguilla	Southern America	2020	18082
Anguilla	Southern America	2030	21354
Anguilla	Southern America	2040	24355
Anguilla	Southern America	2050	26955
Antigua and Barbuda	Southern America	1950	45816
Antigua and Barbuda	Southern America	1960	54500
Antigua and Barbuda	Southern America	1970	65624
Antigua and Barbuda	Southern America	1980	68546
Antigua and Barbuda	Southern America	1990	64162
Antigua and Barbuda	Southern America	2000	75351
Antigua and Barbuda	Southern America	2010	86754
Antigua and Barbuda	Southern America	2020	98179
Antigua and Barbuda	Southern America	2030	109076
Antigua and Barbuda	Southern America	2040	117377
Antigua and Barbuda	Southern America	2050	122930
Argentina	Southern America	1950	17150336
Argentina	Southern America	1960	20616009
Argentina	Southern America	1970	23962313
Argentina	Southern America	1980	28369799
Argentina	Southern America	1990	33035578
Argentina	Southern America	2000	37335653
Argentina	Southern America	2010	41343201
Argentina	Southern America	2020	45378990
Argentina	Southern America	2030	48795143
Argentina	Southern America	2040	51573485
Argentina	Southern America	2050	53511279
Armenia	Asia	1950	1355269
Armenia	Asia	1960	1868852
Armenia	Asia	1970	2519745
Armenia	Asia	1980	3115289
Armenia	Asia	1990	3376783
Armenia	Asia	2000	3042556
Armenia	Asia	2010	2966802
Armenia	Asia	2020	3017370
Armenia	Asia	2030	3050556
Armenia	Asia	2040	3022733
Armenia	Asia	2050	2943441
Aruba	Southern America	1950	49712
Aruba	Southern America	1960	57203
Aruba	Southern America	1970	59039
Aruba	Southern America	1980	59901
Aruba	Southern America	1990	63032
Aruba	Southern America	2000	89995
Aruba	Southern America	2010	104589
Aruba	Southern America	2020	119428
Aruba	Southern America	2030	132132
Aruba	Southern America	2040	142286
Aruba	Southern America	2050	150730
Australia	Oceania	1950	8267337
Australia	Oceania	1960	10361273
Australia	Oceania	1970	12660160
Australia	Oceania	1980	14615900
Australia	Oceania	1990	16956242
Australia	Oceania	2000	19053186
Australia	Oceania	2010	21515754
Australia	Oceania	2020	23938599
Australia	Oceania	2030	26055815
Australia	Oceania	2040	27701843
Australia	Oceania	2050	29012740
Austria	Europe	1950	6935100
Austria	Europe	1960	7047437
Austria	Europe	1970	7467086
Austria	Europe	1980	7549433
Austria	Europe	1990	7722953
Austria	Europe	2000	8113413
Austria	Europe	2010	8214160
Austria	Europe	2020	8219824
Austria	Europe	2030	8119664
Austria	Europe	2040	7866777
Austria	Europe	2050	7520950
Azerbaijan	Asia	1950	2885332
Azerbaijan	Asia	1960	3881546
Azerbaijan	Asia	1970	5168973
Azerbaijan	Asia	1980	6168536
Azerbaijan	Asia	1990	7200463
Azerbaijan	Asia	2000	7809052
Azerbaijan	Asia	2010	8303512
Azerbaijan	Asia	2020	9057507
Azerbaijan	Asia	2030	9566872
Azerbaijan	Asia	2040	9847646
Azerbaijan	Asia	2050	9955428
Bahamas The	Southern America	1950	70498
Bahamas The	Southern America	1960	112234
Bahamas The	Southern America	1970	170323
Bahamas The	Southern America	1980	209944
Bahamas The	Southern America	1990	257253
Bahamas The	Southern America	2000	290075
Bahamas The	Southern America	2010	310763
Bahamas The	Southern America	2020	323338
Bahamas The	Southern America	2030	329580
Bahamas The	Southern America	2040	329212
Bahamas The	Southern America	2050	324052
Bahrain	Asia	1950	114840
Bahrain	Asia	1960	156648
Bahrain	Asia	1970	219543
Bahrain	Asia	1980	347568
Bahrain	Asia	1990	500476
Bahrain	Asia	2000	634137
Bahrain	Asia	2010	737021
Bahrain	Asia	2020	825619
Bahrain	Asia	2030	900082
Bahrain	Asia	2040	945105
Bahrain	Asia	2050	973412
Bangladesh	Asia	1950	45645964
Bangladesh	Asia	1960	54621538
Bangladesh	Asia	1970	67402621
Bangladesh	Asia	1980	88076996
Bangladesh	Asia	1990	109896945
Bangladesh	Asia	2000	130406594
Bangladesh	Asia	2010	159765367
Bangladesh	Asia	2020	189861451
Bangladesh	Asia	2030	219635970
Bangladesh	Asia	2040	250603833
Bangladesh	Asia	2050	279955405
Barbados	Southern America	1950	210666
Barbados	Southern America	1960	232339
Barbados	Southern America	1970	238756
Barbados	Southern America	1980	251966
Barbados	Southern America	1990	262624
Barbados	Southern America	2000	273483
Barbados	Southern America	2010	283936
Barbados	Southern America	2020	291951
Barbados	Southern America	2030	293555
Barbados	Southern America	2040	286855
Barbados	Southern America	2050	274523
Belarus	Europe	1950	7722155
Belarus	Europe	1960	8167918
Belarus	Europe	1970	9027198
Belarus	Europe	1980	9643706
Belarus	Europe	1990	10200737
Belarus	Europe	2000	10033697
Belarus	Europe	2010	9612632
Belarus	Europe	2020	9249153
Belarus	Europe	2030	8797797
Belarus	Europe	2040	8296244
Belarus	Europe	2050	7738613
Belgium	Europe	1950	8639369
Belgium	Europe	1960	9118700
Belgium	Europe	1970	9637800
Belgium	Europe	1980	9846800
Belgium	Europe	1990	9969310
Belgium	Europe	2000	10263618
Belgium	Europe	2010	10423493
Belgium	Europe	2020	10465034
Belgium	Europe	2030	10409623
Belgium	Europe	2040	10205713
Belgium	Europe	2050	9882599
Belize	Southern America	1950	65797
Belize	Southern America	1960	91863
Belize	Southern America	1970	122070
Belize	Southern America	1980	144416
Belize	Southern America	1990	190865
Belize	Southern America	2000	248004
Belize	Southern America	2010	314522
Belize	Southern America	2020	379640
Belize	Southern America	2030	440965
Belize	Southern America	2040	495861
Belize	Southern America	2050	543690
Benin	Africa	1950	1672661
Benin	Africa	1960	2055083
Benin	Africa	1970	2619809
Benin	Africa	1980	3458062
Benin	Africa	1990	4705442
Benin	Africa	2000	6619120
Benin	Africa	2010	9056010
Benin	Africa	2020	11956340
Benin	Africa	2030	15248065
Benin	Africa	2040	18702967
Benin	Africa	2050	22118545
Bermuda	Southern America	1950	38869
Bermuda	Southern America	1960	44365
Bermuda	Southern America	1970	52600
Bermuda	Southern America	1980	54726
Bermuda	Southern America	1990	57781
Bermuda	Southern America	2000	62971
Bermuda	Southern America	2010	67231
Bermuda	Southern America	2020	69927
Bermuda	Southern America	2030	70825
Bermuda	Southern America	2040	69164
Bermuda	Southern America	2050	66025
Bhutan	Asia	1950	163786
Bhutan	Asia	1960	212052
Bhutan	Asia	1970	309265
Bhutan	Asia	1980	446035
Bhutan	Asia	1990	614744
Bhutan	Asia	2000	605872
Bhutan	Asia	2010	699847
Bhutan	Asia	2020	782318
Bhutan	Asia	2030	854636
Bhutan	Asia	2040	911950
Bhutan	Asia	2050	951873
Bolivia	Southern America	1950	2766028
Bolivia	Southern America	1960	3434073
Bolivia	Southern America	1970	4346218
Bolivia	Southern America	1980	5441298
Bolivia	Southern America	1990	6573900
Bolivia	Southern America	2000	8152620
Bolivia	Southern America	2010	9499287
Bolivia	Southern America	2020	10747129
Bolivia	Southern America	2030	11959992
Bolivia	Southern America	2040	12968479
Bolivia	Southern America	2050	13772819
Bosnia and Herzegovina	Europe	1950	2662000
Bosnia and Herzegovina	Europe	1960	3240000
Bosnia and Herzegovina	Europe	1970	3703000
Bosnia and Herzegovina	Europe	1980	4092000
Bosnia and Herzegovina	Europe	1990	4423646
Bosnia and Herzegovina	Europe	2000	4035457
Bosnia and Herzegovina	Europe	2010	4621598
Bosnia and Herzegovina	Europe	2020	4591895
Bosnia and Herzegovina	Europe	2030	4447608
Bosnia and Herzegovina	Europe	2040	4202872
Bosnia and Herzegovina	Europe	2050	3891669
Botswana	Africa	1950	430413
Botswana	Africa	1960	496695
Botswana	Africa	1970	583999
Botswana	Africa	1980	900476
Botswana	Africa	1990	1262981
Botswana	Africa	2000	1639319
Botswana	Africa	2010	1893471
Botswana	Africa	2020	2097700
Botswana	Africa	2030	2214790
Botswana	Africa	2040	2293925
Botswana	Africa	2050	2385685
Brazil	Southern America	1950	53443075
Brazil	Southern America	1960	71694810
Brazil	Southern America	1970	95684297
Brazil	Southern America	1980	123019627
Brazil	Southern America	1990	151170059
Brazil	Southern America	2000	176319621
Brazil	Southern America	2010	201103330
Brazil	Southern America	2020	222607506
Brazil	Southern America	2030	240172633
Brazil	Southern America	2040	253261178
Brazil	Southern America	2050	260692493
Brunei	Asia	1950	44983
Brunei	Asia	1960	83037
Brunei	Asia	1970	127554
Brunei	Asia	1980	185220
Brunei	Asia	1990	252887
Brunei	Asia	2000	325297
Brunei	Asia	2010	395027
Brunei	Asia	2020	464478
Brunei	Asia	2030	531457
Brunei	Asia	2040	589132
Brunei	Asia	2050	638157
Bulgaria	Europe	1950	7250500
Bulgaria	Europe	1960	7867374
Bulgaria	Europe	1970	8489574
Bulgaria	Europe	1980	8843528
Bulgaria	Europe	1990	8894028
Bulgaria	Europe	2000	7818495
Bulgaria	Europe	2010	7148785
Bulgaria	Europe	2020	6568957
Bulgaria	Europe	2030	5940822
Bulgaria	Europe	2040	5305010
Bulgaria	Europe	2050	4651477
Burkina Faso	Africa	1950	4376162
Burkina Faso	Africa	1960	4865796
Burkina Faso	Africa	1970	5303777
Burkina Faso	Africa	1980	6318189
Burkina Faso	Africa	1990	8361039
Burkina Faso	Africa	2000	11587750
Burkina Faso	Africa	2010	16241811
Burkina Faso	Africa	2020	21977701
Burkina Faso	Africa	2030	29153064
Burkina Faso	Africa	2040	37714081
Burkina Faso	Africa	2050	47429509
Burma	Asia	1950	19487657
Burma	Asia	1960	22839044
Burma	Asia	1970	27392973
Burma	Asia	1980	33061428
Burma	Asia	1990	39242996
Burma	Asia	2000	44301206
Burma	Asia	2010	48510799
Burma	Asia	2020	51786636
Burma	Asia	2030	53905142
Burma	Asia	2040	54770437
Burma	Asia	2050	54430334
Burundi	Africa	1950	2362522
Burundi	Africa	1960	2815405
Burundi	Africa	1970	3521913
Burundi	Africa	1980	4299555
Burundi	Africa	1990	5505113
Burundi	Africa	2000	6621126
Burundi	Africa	2010	9280931
Burundi	Africa	2020	12265708
Burundi	Africa	2030	15636620
Burundi	Africa	2040	19221024
Burundi	Africa	2050	22852556
Cambodia	Asia	1950	4471170
Cambodia	Asia	1960	5761223
Cambodia	Asia	1970	7395691
Cambodia	Asia	1980	6888021
Cambodia	Asia	1990	9344566
Cambodia	Asia	2000	12395580
Cambodia	Asia	2010	14753320
Cambodia	Asia	2020	17600800
Cambodia	Asia	2030	20182594
Cambodia	Asia	2040	22278723
Cambodia	Asia	2050	23965562
Cameroon	Africa	1950	4887591
Cameroon	Africa	1960	5608760
Cameroon	Africa	1970	6726733
Cameroon	Africa	1980	8762486
Cameroon	Africa	1990	11884495
Cameroon	Africa	2000	15343036
Cameroon	Africa	2010	19294149
Cameroon	Africa	2020	23471167
Cameroon	Africa	2030	27531020
Cameroon	Africa	2040	31370702
Cameroon	Africa	2050	34908839
Canada	Southern America	1950	14011422
Canada	Southern America	1960	18266765
Canada	Southern America	1970	21749986
Canada	Southern America	1980	24593300
Canada	Southern America	1990	27790600
Canada	Southern America	2000	31099561
Canada	Southern America	2010	33759742
Canada	Southern America	2020	36387359
Canada	Southern America	2030	38564870
Canada	Southern America	2040	40070226
Canada	Southern America	2050	41135648
Cape Verde	Africa	1950	146403
Cape Verde	Africa	1960	196768
Cape Verde	Africa	1970	268867
Cape Verde	Africa	1980	296042
Cape Verde	Africa	1990	348617
Cape Verde	Africa	2000	401553
Cape Verde	Africa	2010	431822
Cape Verde	Africa	2020	449930
Cape Verde	Africa	2030	451763
Cape Verde	Africa	2040	430924
Cape Verde	Africa	2050	387962
Cayman Islands	Southern America	1950	6286
Cayman Islands	Southern America	1960	7661
Cayman Islands	Southern America	1970	10068
Cayman Islands	Southern America	1980	17082
Cayman Islands	Southern America	1990	26355
Cayman Islands	Southern America	2000	38436
Cayman Islands	Southern America	2010	50209
Cayman Islands	Southern America	2020	61944
Cayman Islands	Southern America	2030	73089
Cayman Islands	Southern America	2040	82799
Cayman Islands	Southern America	2050	91118
Central African Republic	Africa	1950	1259816
Central African Republic	Africa	1960	1467449
Central African Republic	Africa	1970	1839245
Central African Republic	Africa	1980	2348575
Central African Republic	Africa	1990	3085222
Central African Republic	Africa	2000	3940259
Central African Republic	Africa	2010	4578768
Central African Republic	Africa	2020	5225184
Central African Republic	Africa	2030	5744331
Central African Republic	Africa	2040	6153321
Central African Republic	Africa	2050	6523563
Chad	Africa	1950	2607769
Chad	Africa	1960	3042303
Chad	Africa	1970	3727238
Chad	Africa	1980	4522391
Chad	Africa	1990	5841411
Chad	Africa	2000	7942675
Chad	Africa	2010	10543464
Chad	Africa	2020	12755612
Chad	Africa	2030	15114185
Chad	Africa	2040	17658355
Chad	Africa	2050	20473601
Chile	Southern America	1950	6090833
Chile	Southern America	1960	7585349
Chile	Southern America	1970	9368558
Chile	Southern America	1980	11093718
Chile	Southern America	1990	13128921
Chile	Southern America	2000	15155741
Chile	Southern America	2010	16746491
Chile	Southern America	2020	18057780
Chile	Southern America	2030	18984489
Chile	Southern America	2040	19395823
Chile	Southern America	2050	19386517
China	Asia	1950	562579779
China	Asia	1960	650660513
China	Asia	1970	820403282
China	Asia	1980	984736460
China	Asia	1990	1148364470
China	Asia	2000	1268853362
China	Asia	2010	1347563498
China	Asia	2020	1430532735
China	Asia	2030	1461528089
China	Asia	2040	1454619164
China	Asia	2050	1424161948
China: Hong Kong S.A.R.	Asia	1950	2237000
China: Hong Kong S.A.R.	Asia	1960	3075300
China: Hong Kong S.A.R.	Asia	1970	3959000
China: Hong Kong S.A.R.	Asia	1980	5063100
China: Hong Kong S.A.R.	Asia	1990	5687959
China: Hong Kong S.A.R.	Asia	2000	6658720
China: Hong Kong S.A.R.	Asia	2010	7089705
China: Hong Kong S.A.R.	Asia	2020	7328382
China: Hong Kong S.A.R.	Asia	2030	7294050
China: Hong Kong S.A.R.	Asia	2040	6872825
China: Hong Kong S.A.R.	Asia	2050	6172725
China: Macau S.A.R.	Asia	1950	205442
China: Macau S.A.R.	Asia	1960	186053
China: Macau S.A.R.	Asia	1970	261369
China: Macau S.A.R.	Asia	1980	255773
China: Macau S.A.R.	Asia	1990	351756
China: Macau S.A.R.	Asia	2000	431739
China: Macau S.A.R.	Asia	2010	567957
China: Macau S.A.R.	Asia	2020	614458
China: Macau S.A.R.	Asia	2030	639866
China: Macau S.A.R.	Asia	2040	641119
China: Macau S.A.R.	Asia	2050	620184
Colombia	Southern America	1950	11591658
Colombia	Southern America	1960	15952727
Colombia	Southern America	1970	21429658
Colombia	Southern America	1980	26631315
Colombia	Southern America	1990	32956508
Colombia	Southern America	2000	39817335
Colombia	Southern America	2010	46270565
Colombia	Southern America	2020	52390254
Colombia	Southern America	2030	57896604
Colombia	Southern America	2040	62108353
Colombia	Southern America	2050	64977344
Comoros	Africa	1950	148057
Comoros	Africa	1960	182899
Comoros	Africa	1970	236252
Comoros	Africa	1980	333514
Comoros	Africa	1990	429136
Comoros	Africa	2000	578626
Comoros	Africa	2010	773407
Comoros	Africa	2020	1000801
Comoros	Africa	2030	1264345
Comoros	Africa	2040	1550188
Comoros	Africa	2050	1837671
Congo Rep.	Africa	1950	826308
Congo Rep.	Africa	1960	1002214
Congo Rep.	Africa	1970	1272408
Congo Rep.	Africa	1980	1674005
Congo Rep.	Africa	1990	2264842
Congo Rep.	Africa	2000	3102404
Congo Rep.	Africa	2010	4124339
Congo Rep.	Africa	2020	5444635
Congo Rep.	Africa	2030	6892353
Congo Rep.	Africa	2040	8299008
Congo Rep.	Africa	2050	9618358
Congo DR	Africa	1950	13568762
Congo DR	Africa	1960	16610482
Congo DR	Africa	1970	21780955
Congo DR	Africa	1980	29012545
Congo DR	Africa	1990	39047458
Congo DR	Africa	2000	51848551
Congo DR	Africa	2010	70916439
Congo DR	Africa	2020	95605489
Congo DR	Africa	2030	124621772
Congo DR	Africa	2040	156368197
Congo DR	Africa	2050	189310849
Cook Islands	Oceania	1950	14575
Cook Islands	Oceania	1960	17883
Cook Islands	Oceania	1970	20828
Cook Islands	Oceania	1980	18010
Cook Islands	Oceania	1990	18394
Cook Islands	Oceania	2000	16307
Cook Islands	Oceania	2010	11488
Cook Islands	Oceania	2020	8574
Cook Islands	Oceania	2030	6903
Cook Islands	Oceania	2040	5938
Cook Islands	Oceania	2050	5460
Costa Rica	Southern America	1950	866982
Costa Rica	Southern America	1960	1248022
Costa Rica	Southern America	1970	1735523
Costa Rica	Southern America	1980	2299124
Costa Rica	Southern America	1990	3027135
Costa Rica	Southern America	2000	3711095
Costa Rica	Southern America	2010	4311254
Costa Rica	Southern America	2020	4852380
Costa Rica	Southern America	2030	5288032
Costa Rica	Southern America	2040	5582665
Costa Rica	Southern America	2050	5737397
Cote d'Ivoire	Africa	1950	2860288
Cote d'Ivoire	Africa	1960	3576077
Cote d'Ivoire	Africa	1970	5579014
Cote d'Ivoire	Africa	1980	8593262
Cote d'Ivoire	Africa	1990	12490877
Cote d'Ivoire	Africa	2000	16884578
Cote d'Ivoire	Africa	2010	21058798
Cote d'Ivoire	Africa	2020	25503829
Cote d'Ivoire	Africa	2030	29723572
Cote d'Ivoire	Africa	2040	33609146
Cote d'Ivoire	Africa	2050	37111782
Croatia	Europe	1950	3837297
Croatia	Europe	1960	4036145
Croatia	Europe	1970	4205389
Croatia	Europe	1980	4383000
Croatia	Europe	1990	4508347
Croatia	Europe	2000	4410830
Croatia	Europe	2010	4486881
Croatia	Europe	2020	4427282
Croatia	Europe	2030	4300965
Croatia	Europe	2040	4103751
Croatia	Europe	2050	3864201
Cuba	Southern America	1950	5784797
Cuba	Southern America	1960	7027210
Cuba	Southern America	1970	8542746
Cuba	Southern America	1980	9652975
Cuba	Southern America	1990	10513444
Cuba	Southern America	2000	11105859
Cuba	Southern America	2010	11477459
Cuba	Southern America	2020	11646687
Cuba	Southern America	2030	11576498
Cuba	Southern America	2040	11196422
Cuba	Southern America	2050	10540567
Cyprus	Asia	1950	494000
Cyprus	Asia	1960	573000
Cyprus	Asia	1970	614600
Cyprus	Asia	1980	611000
Cyprus	Asia	1990	681349
Cyprus	Asia	2000	758363
Cyprus	Asia	2010	800863
Cyprus	Asia	2020	839130
Cyprus	Asia	2030	857407
Cyprus	Asia	2040	854465
Cyprus	Asia	2050	841102
Czech Republic	Europe	1950	8925122
Czech Republic	Europe	1960	9659818
Czech Republic	Europe	1970	9795226
Czech Republic	Europe	1980	10288726
Czech Republic	Europe	1990	10309514
Czech Republic	Europe	2000	10270128
Czech Republic	Europe	2010	10201707
Czech Republic	Europe	2020	10013419
Czech Republic	Europe	2030	9628896
Czech Republic	Europe	2040	9115200
Czech Republic	Europe	2050	8540221
Denmark	Europe	1950	4271000
Denmark	Europe	1960	4581000
Denmark	Europe	1970	4928757
Denmark	Europe	1980	5123027
Denmark	Europe	1990	5140954
Denmark	Europe	2000	5337416
Denmark	Europe	2010	5515575
Denmark	Europe	2020	5642297
Denmark	Europe	2030	5730488
Denmark	Europe	2040	5690756
Denmark	Europe	2050	5575147
Djibouti	Africa	1950	60036
Djibouti	Africa	1960	78417
Djibouti	Africa	1970	158034
Djibouti	Africa	1980	279149
Djibouti	Africa	1990	366088
Djibouti	Africa	2000	430822
Djibouti	Africa	2010	525856
Djibouti	Africa	2020	627132
Djibouti	Africa	2030	737514
Djibouti	Africa	2040	859275
Djibouti	Africa	2050	993011
Dominica	Southern America	1950	51423
Dominica	Southern America	1960	59838
Dominica	Southern America	1970	69785
Dominica	Southern America	1980	73887
Dominica	Southern America	1990	70009
Dominica	Southern America	2000	70818
Dominica	Southern America	2010	72813
Dominica	Southern America	2020	74243
Dominica	Southern America	2030	73742
Dominica	Southern America	2040	70363
Dominica	Southern America	2050	64772
Dominican Republic	Southern America	1950	2352968
Dominican Republic	Southern America	1960	3231488
Dominican Republic	Southern America	1970	4422755
Dominican Republic	Southern America	1980	5696855
Dominican Republic	Southern America	1990	7082806
Dominican Republic	Southern America	2000	8410393
Dominican Republic	Southern America	2010	9794487
Dominican Republic	Southern America	2020	11235794
Dominican Republic	Southern America	2030	12567143
Dominican Republic	Southern America	2040	13715689
Dominican Republic	Southern America	2050	14657962
Ecuador	Southern America	1950	3369955
Ecuador	Southern America	1960	4415956
Ecuador	Southern America	1970	5939246
Ecuador	Southern America	1980	7920499
Ecuador	Southern America	1990	10318036
Ecuador	Southern America	2000	12505204
Ecuador	Southern America	2010	14244746
Ecuador	Southern America	2020	16178316
Ecuador	Southern America	2030	17945659
Ecuador	Southern America	2040	19341594
Ecuador	Southern America	2050	20332088
Egypt	Africa	1950	21197691
Egypt	Africa	1960	26846610
Egypt	Africa	1970	33574026
Egypt	Africa	1980	42634215
Egypt	Africa	1990	56683220
Egypt	Africa	2000	70512306
Egypt	Africa	2010	84440272
Egypt	Africa	2020	97466065
Egypt	Africa	2030	109331000
Egypt	Africa	2040	119469647
Egypt	Africa	2050	127563256
El Salvador	Southern America	1950	1939800
El Salvador	Southern America	1960	2581583
El Salvador	Southern America	1970	3603907
El Salvador	Southern America	1980	4566199
El Salvador	Southern America	1990	5099884
El Salvador	Southern America	2000	6125782
El Salvador	Southern America	2010	7304333
El Salvador	Southern America	2020	8515550
El Salvador	Southern America	2030	9757730
El Salvador	Southern America	2040	10975241
El Salvador	Southern America	2050	12110592
Equatorial Guinea	Africa	1950	211204
Equatorial Guinea	Africa	1960	243867
Equatorial Guinea	Africa	1970	270435
Equatorial Guinea	Africa	1980	256009
Equatorial Guinea	Africa	1990	371100
Equatorial Guinea	Africa	2000	491483
Equatorial Guinea	Africa	2010	650702
Equatorial Guinea	Africa	2020	836178
Equatorial Guinea	Africa	2030	1036912
Equatorial Guinea	Africa	2040	1237932
Equatorial Guinea	Africa	2050	1428139
Eritrea	Africa	1950	1402510
Eritrea	Africa	1960	1614698
Eritrea	Africa	1970	2160460
Eritrea	Africa	1980	2568741
Eritrea	Africa	1990	3137919
Eritrea	Africa	2000	4197310
Eritrea	Africa	2010	5792984
Eritrea	Africa	2020	7259952
Eritrea	Africa	2030	8709998
Eritrea	Africa	2040	10108602
Eritrea	Africa	2050	11381250
Estonia	Europe	1950	1095610
Estonia	Europe	1960	1210647
Estonia	Europe	1970	1363183
Estonia	Europe	1980	1482196
Estonia	Europe	1990	1569322
Estonia	Europe	2000	1379835
Estonia	Europe	2010	1291170
Estonia	Europe	2020	1202704
Estonia	Europe	2030	1091807
Estonia	Europe	2040	977724
Estonia	Europe	2050	861913
Ethiopia	Africa	1950	20174562
Ethiopia	Africa	1960	24168672
Ethiopia	Africa	1970	29468504
Ethiopia	Africa	1980	36036457
Ethiopia	Africa	1990	48397408
Ethiopia	Africa	2000	64164965
Ethiopia	Africa	2010	88013491
Ethiopia	Africa	2020	120420018
Ethiopia	Africa	2030	162490305
Ethiopia	Africa	2040	215353580
Ethiopia	Africa	2050	278283137
Faroe Islands	Europe	1950	31500
Faroe Islands	Europe	1960	34700
Faroe Islands	Europe	1970	38600
Faroe Islands	Europe	1980	43453
Faroe Islands	Europe	1990	47439
Faroe Islands	Europe	2000	45794
Faroe Islands	Europe	2010	49057
Faroe Islands	Europe	2020	51628
Faroe Islands	Europe	2030	54563
Faroe Islands	Europe	2040	56171
Faroe Islands	Europe	2050	57112
Fiji	Oceania	1950	287348
Fiji	Oceania	1960	393348
Fiji	Oceania	1970	521000
Fiji	Oceania	1980	634506
Fiji	Oceania	1990	738416
Fiji	Oceania	2000	832777
Fiji	Oceania	2010	957780
Fiji	Oceania	2020	1088972
Fiji	Oceania	2030	1217597
Fiji	Oceania	2040	1341788
Fiji	Oceania	2050	1449492
Finland	Europe	1950	4008900
Finland	Europe	1960	4429600
Finland	Europe	1970	4606307
Finland	Europe	1980	4779535
Finland	Europe	1990	4986431
Finland	Europe	2000	5168595
Finland	Europe	2010	5255068
Finland	Europe	2020	5271991
Finland	Europe	2030	5201445
Finland	Europe	2040	5026775
Finland	Europe	2050	4819615
France	Europe	1950	42517690
France	Europe	1960	46583995
France	Europe	1970	51918389
France	Europe	1980	55110236
France	Europe	1990	58168160
France	Europe	2000	61136524
France	Europe	2010	64768389
France	Europe	2020	67517515
France	Europe	2030	69249292
France	Europe	2040	70100199
France	Europe	2050	69768223
French Polynesia	Oceania	1950	62100
French Polynesia	Oceania	1960	81100
French Polynesia	Oceania	1970	114000
French Polynesia	Oceania	1980	150896
French Polynesia	Oceania	1990	201822
French Polynesia	Oceania	2000	249177
French Polynesia	Oceania	2010	291000
French Polynesia	Oceania	2020	328645
French Polynesia	Oceania	2030	358884
French Polynesia	Oceania	2040	380366
French Polynesia	Oceania	2050	393533
Gabon	Africa	1950	415767
Gabon	Africa	1960	446003
Gabon	Africa	1970	514579
Gabon	Africa	1980	713827
Gabon	Africa	1990	938084
Gabon	Africa	2000	1236429
Gabon	Africa	2010	1545255
Gabon	Africa	2020	1876719
Gabon	Africa	2030	2266044
Gabon	Africa	2040	2716581
Gabon	Africa	2050	3229741
Gambia The	Africa	1950	271369
Gambia The	Africa	1960	351953
Gambia The	Africa	1970	484580
Gambia The	Africa	1980	670523
Gambia The	Africa	1990	949255
Gambia The	Africa	2000	1367884
Gambia The	Africa	2010	1830591
Gambia The	Africa	2020	2345932
Gambia The	Africa	2030	2912055
Gambia The	Africa	2040	3493969
Gambia The	Africa	2050	4068861
Georgia	Asia	1950	3515602
Georgia	Asia	1960	4146570
Georgia	Asia	1970	4694491
Georgia	Asia	1980	5045697
Georgia	Asia	1990	5426207
Georgia	Asia	2000	4777209
Georgia	Asia	2010	4600825
Georgia	Asia	2020	4439752
Georgia	Asia	2030	4231259
Georgia	Asia	2040	4006183
Georgia	Asia	2050	3784724
Germany	Europe	1950	68374572
Germany	Europe	1960	72480869
Germany	Europe	1970	77783164
Germany	Europe	1980	78297904
Germany	Europe	1990	79380394
Germany	Europe	2000	82187909
Germany	Europe	2010	82282988
Germany	Europe	2020	81422373
Germany	Europe	2030	79572500
Germany	Europe	2040	76815305
Germany	Europe	2050	73607121
Ghana	Africa	1950	5297454
Ghana	Africa	1960	6958283
Ghana	Africa	1970	8788945
Ghana	Africa	1980	11016641
Ghana	Africa	1990	15413800
Ghana	Africa	2000	19736036
Ghana	Africa	2010	24279458
Ghana	Africa	2020	28567000
Ghana	Africa	2030	32398353
Ghana	Africa	2040	35814417
Ghana	Africa	2050	38735638
Gibraltar	Europe	1950	22974
Gibraltar	Europe	1960	24342
Gibraltar	Europe	1970	26485
Gibraltar	Europe	1980	29233
Gibraltar	Europe	1990	29017
Gibraltar	Europe	2000	27578
Gibraltar	Europe	2010	28063
Gibraltar	Europe	2020	28137
Gibraltar	Europe	2030	27717
Gibraltar	Europe	2040	26782
Gibraltar	Europe	2050	25617
Greece	Europe	1950	7566028
Greece	Europe	1960	8327405
Greece	Europe	1970	8792806
Greece	Europe	1980	9642505
Greece	Europe	1990	10129603
Greece	Europe	2000	10559110
Greece	Europe	2010	10749943
Greece	Europe	2020	10742032
Greece	Europe	2030	10583029
Greece	Europe	2040	10366356
Greece	Europe	2050	10035935
Greenland	Southern America	1950	22300
Greenland	Southern America	1960	32498
Greenland	Southern America	1970	46431
Greenland	Southern America	1980	50208
Greenland	Southern America	1990	55628
Greenland	Southern America	2000	56890
Greenland	Southern America	2010	57637
Greenland	Southern America	2020	57616
Greenland	Southern America	2030	56267
Greenland	Southern America	2040	53214
Greenland	Southern America	2050	49356
Grenada	Southern America	1950	75806
Grenada	Southern America	1960	90148
Grenada	Southern America	1970	95410
Grenada	Southern America	1980	90164
Grenada	Southern America	1990	92358
Grenada	Southern America	2000	89318
Grenada	Southern America	2010	91191
Grenada	Southern America	2020	95372
Grenada	Southern America	2030	96368
Grenada	Southern America	2040	93819
Grenada	Southern America	2050	87399
Guam	Oceania	1950	59900
Guam	Oceania	1960	66900
Guam	Oceania	1970	86470
Guam	Oceania	1980	106869
Guam	Oceania	1990	134125
Guam	Oceania	2000	155324
Guam	Oceania	2010	180692
Guam	Oceania	2020	203216
Guam	Oceania	2030	222166
Guam	Oceania	2040	235135
Guam	Oceania	2050	242692
Guatemala	Southern America	1950	2968976
Guatemala	Southern America	1960	4099720
Guatemala	Southern America	1970	5264207
Guatemala	Southern America	1980	6649593
Guatemala	Southern America	1990	8965553
Guatemala	Southern America	2000	11085025
Guatemala	Southern America	2010	13550440
Guatemala	Southern America	2020	16264340
Guatemala	Southern America	2030	18797855
Guatemala	Southern America	2040	21048403
Guatemala	Southern America	2050	22995434
Guernsey	Europe	1950	45347
Guernsey	Europe	1960	46926
Guernsey	Europe	1970	53287
Guernsey	Europe	1980	53360
Guernsey	Europe	1990	62623
Guernsey	Europe	2000	64080
Guernsey	Europe	2010	66006
Guernsey	Europe	2020	66966
Guernsey	Europe	2030	66615
Guernsey	Europe	2040	64317
Guernsey	Europe	2050	60606
Guinea	Africa	1950	2585509
Guinea	Africa	1960	3026091
Guinea	Africa	1970	3643361
Guinea	Africa	1980	4447369
Guinea	Africa	1990	6118452
Guinea	Africa	2000	8350413
Guinea	Africa	2010	10324025
Guinea	Africa	2020	13419912
Guinea	Africa	2030	17225813
Guinea	Africa	2040	21608257
Guinea	Africa	2050	26407254
Guinea-Bissau	Africa	1950	573268
Guinea-Bissau	Africa	1960	616682
Guinea-Bissau	Africa	1970	620020
Guinea-Bissau	Africa	1980	788898
Guinea-Bissau	Africa	1990	995989
Guinea-Bissau	Africa	2000	1278859
Guinea-Bissau	Africa	2010	1565126
Guinea-Bissau	Africa	2020	1892584
Guinea-Bissau	Africa	2030	2230730
Guinea-Bissau	Africa	2040	2567727
Guinea-Bissau	Africa	2050	2894545
Guyana	Southern America	1950	427971
Guyana	Southern America	1960	571083
Guyana	Southern America	1970	714811
Guyana	Southern America	1980	759352
Guyana	Southern America	1990	750903
Guyana	Southern America	2000	755171
Guyana	Southern America	2010	773550
Guyana	Southern America	2020	769506
Guyana	Southern America	2030	735974
Guyana	Southern America	2040	679344
Guyana	Southern America	2050	597806
Haiti	Southern America	1950	3097220
Haiti	Southern America	1960	3710188
Haiti	Southern America	1970	4573906
Haiti	Southern America	1980	4979006
Haiti	Southern America	1990	6131163
Haiti	Southern America	2000	7443620
Haiti	Southern America	2010	9386157
Haiti	Southern America	2020	11935731
Haiti	Southern America	2030	14568373
Haiti	Southern America	2040	17204641
Haiti	Southern America	2050	19807275
Honduras	Southern America	1950	1431447
Honduras	Southern America	1960	1951640
Honduras	Southern America	1970	2760666
Honduras	Southern America	1980	3401940
Honduras	Southern America	1990	4792271
Honduras	Southern America	2000	6347658
Honduras	Southern America	2010	7944012
Honduras	Southern America	2020	9360207
Honduras	Southern America	2030	10611205
Honduras	Southern America	2040	11706782
Honduras	Southern America	2050	12641869
Hungary	Europe	1950	9338000
Hungary	Europe	1960	9983512
Hungary	Europe	1970	10337004
Hungary	Europe	1980	10711122
Hungary	Europe	1990	10371878
Hungary	Europe	2000	10137449
Hungary	Europe	2010	9880059
Hungary	Europe	2020	9601612
Hungary	Europe	2030	9250460
Hungary	Europe	2040	8829917
Hungary	Europe	2050	8374619
Iceland	Europe	1950	142938
Iceland	Europe	1960	175860
Iceland	Europe	1970	204104
Iceland	Europe	1980	228161
Iceland	Europe	1990	254719
Iceland	Europe	2000	281043
Iceland	Europe	2010	308910
Iceland	Europe	2020	329121
Iceland	Europe	2030	344271
Iceland	Europe	2040	351084
Iceland	Europe	2050	350922
India	Asia	1950	369880000
India	Asia	1960	445393249
India	Asia	1970	553888763
India	Asia	1980	684887703
India	Asia	1990	838158831
India	Asia	2000	1004124224
India	Asia	2010	1184090490
India	Asia	2020	1362053154
India	Asia	2030	1532646365
India	Asia	2040	1684311505
India	Asia	2050	1807878574
Indonesia	Asia	1950	82978392
Indonesia	Asia	1960	100145649
Indonesia	Asia	1970	122291795
Indonesia	Asia	1980	150467240
Indonesia	Asia	1990	181770189
Indonesia	Asia	2000	213829469
Indonesia	Asia	2010	242968342
Indonesia	Asia	2020	267532450
Indonesia	Asia	2030	288678451
Indonesia	Asia	2040	304686168
Indonesia	Asia	2050	313020847
Iran	Asia	1950	16357000
Iran	Asia	1960	21547591
Iran	Asia	1970	28854184
Iran	Asia	1980	39421764
Iran	Asia	1990	56668726
Iran	Asia	2000	63273255
Iran	Asia	2010	67037517
Iran	Asia	2020	74053267
Iran	Asia	2030	78516005
Iran	Asia	2040	80636025
Iran	Asia	2050	81490039
Iraq	Asia	1950	5163443
Iraq	Asia	1960	6822030
Iraq	Asia	1970	9413671
Iraq	Asia	1980	13232839
Iraq	Asia	1990	18134702
Iraq	Asia	2000	22675617
Iraq	Asia	2010	29672191
Iraq	Asia	2020	36908394
Iraq	Asia	2030	43872627
Iraq	Asia	2040	50509029
Iraq	Asia	2050	56360779
Ireland	Europe	1950	2963018
Ireland	Europe	1960	2832000
Ireland	Europe	1970	2950100
Ireland	Europe	1980	3401000
Ireland	Europe	1990	3508200
Ireland	Europe	2000	3791690
Ireland	Europe	2010	4250163
Ireland	Europe	2020	4674148
Ireland	Europe	2030	4988732
Ireland	Europe	2040	5237010
Ireland	Europe	2050	5396215
Isle of Man	Europe	1950	54759
Isle of Man	Europe	1960	47689
Isle of Man	Europe	1970	52563
Isle of Man	Europe	1980	64019
Isle of Man	Europe	1990	68766
Isle of Man	Europe	2000	73112
Isle of Man	Europe	2010	76995
Isle of Man	Europe	2020	80442
Isle of Man	Europe	2030	82458
Isle of Man	Europe	2040	82312
Isle of Man	Europe	2050	80131
Israel	Asia	1950	1286131
Israel	Asia	1960	2141495
Israel	Asia	1970	2903434
Israel	Asia	1980	3737473
Israel	Asia	1990	4477808
Israel	Asia	2000	6114570
Israel	Asia	2010	7353985
Israel	Asia	2020	8478595
Israel	Asia	2030	9458841
Israel	Asia	2040	10280472
Israel	Asia	2050	10828462
Italy	Europe	1950	47105000
Italy	Europe	1960	50197600
Italy	Europe	1970	53661100
Italy	Europe	1980	56451247
Italy	Europe	1990	56742886
Italy	Europe	2000	57719337
Italy	Europe	2010	58090681
Italy	Europe	2020	57028224
Italy	Europe	2030	55359830
Italy	Europe	2040	53231891
Italy	Europe	2050	50389841
Jamaica	Southern America	1950	1384550
Jamaica	Southern America	1960	1631784
Jamaica	Southern America	1970	1943787
Jamaica	Southern America	1980	2228803
Jamaica	Southern America	1990	2347015
Jamaica	Southern America	2000	2615632
Jamaica	Southern America	2010	2847232
Jamaica	Southern America	2020	3051076
Jamaica	Southern America	2030	3245768
Jamaica	Southern America	2040	3410072
Jamaica	Southern America	2050	3554571
Japan	Asia	1950	83805000
Japan	Asia	1960	94091638
Japan	Asia	1970	104344973
Japan	Asia	1980	116807309
Japan	Asia	1990	123537399
Japan	Asia	2000	126729223
Japan	Asia	2010	126804433
Japan	Asia	2020	121633376
Japan	Asia	2030	113519859
Japan	Asia	2040	103861619
Japan	Asia	2050	93673826
Jersey	Europe	1950	56824
Jersey	Europe	1960	62965
Jersey	Europe	1970	69002
Jersey	Europe	1980	75531
Jersey	Europe	1990	83609
Jersey	Europe	2000	88915
Jersey	Europe	2010	91906
Jersey	Europe	2020	93083
Jersey	Europe	2030	92901
Jersey	Europe	2040	89628
Jersey	Europe	2050	84077
Jordan	Asia	1950	561254
Jordan	Asia	1960	848515
Jordan	Asia	1970	1502959
Jordan	Asia	1980	2162807
Jordan	Asia	1990	3262054
Jordan	Asia	2000	4998564
Jordan	Asia	2010	6485763
Jordan	Asia	2020	7920192
Jordan	Asia	2030	9373129
Jordan	Asia	2040	10692028
Jordan	Asia	2050	11772789
Kazakhstan	Asia	1950	6693230
Kazakhstan	Asia	1960	9982014
Kazakhstan	Asia	1970	13106377
Kazakhstan	Asia	1980	14966718
Kazakhstan	Asia	1990	16398131
Kazakhstan	Asia	2000	15032140
Kazakhstan	Asia	2010	15460484
Kazakhstan	Asia	2020	15977045
Kazakhstan	Asia	2030	15979334
Kazakhstan	Asia	2040	15672663
Kazakhstan	Asia	2050	15099700
Kenya	Africa	1950	6121184
Kenya	Africa	1960	8156827
Kenya	Africa	1970	11247182
Kenya	Africa	1980	16330543
Kenya	Africa	1990	23354478
Kenya	Africa	2000	30507979
Kenya	Africa	2010	40046566
Kenya	Africa	2020	48319475
Kenya	Africa	2030	54149733
Kenya	Africa	2040	60316721
Kenya	Africa	2050	65175864
Kiribati	Oceania	1950	33448
Kiribati	Oceania	1960	40732
Kiribati	Oceania	1970	48899
Kiribati	Oceania	1980	57536
Kiribati	Oceania	1990	71354
Kiribati	Oceania	2000	92033
Kiribati	Oceania	2010	115401
Kiribati	Oceania	2020	143136
Kiribati	Oceania	2030	173598
Kiribati	Oceania	2040	204640
Kiribati	Oceania	2050	235812
Korea North	Asia	1950	9471140
Korea North	Asia	1960	10391909
Korea North	Asia	1970	13911902
Korea North	Asia	1980	17113626
Korea North	Asia	1990	20018546
Korea North	Asia	2000	21647682
Korea North	Asia	2010	23801525
Korea North	Asia	2020	25210005
Korea North	Asia	2030	26214884
Korea North	Asia	2040	26633656
Korea North	Asia	2050	26363688
Korea South	Asia	1950	20845771
Korea South	Asia	1960	24784140
Korea South	Asia	1970	32241000
Korea South	Asia	1980	38124000
Korea South	Asia	1990	42869000
Korea South	Asia	2000	46838842
Korea South	Asia	2010	48636068
Korea South	Asia	2020	49361803
Korea South	Asia	2030	49002913
Korea South	Asia	2040	46911399
Korea South	Asia	2050	43368983
Kuwait	Asia	1950	144774
Kuwait	Asia	1960	292229
Kuwait	Asia	1970	747502
Kuwait	Asia	1980	1369769
Kuwait	Asia	1990	2142011
Kuwait	Asia	2000	1973572
Kuwait	Asia	2010	2787656
Kuwait	Asia	2020	3740877
Kuwait	Asia	2030	4603943
Kuwait	Asia	2040	5487545
Kuwait	Asia	2050	6374800
Kyrgyzstan	Asia	1950	1738961
Kyrgyzstan	Asia	1960	2171285
Kyrgyzstan	Asia	1970	2963792
Kyrgyzstan	Asia	1980	3622728
Kyrgyzstan	Asia	1990	4382486
Kyrgyzstan	Asia	2000	4851054
Kyrgyzstan	Asia	2010	5508626
Kyrgyzstan	Asia	2020	6314062
Kyrgyzstan	Asia	2030	7014291
Kyrgyzstan	Asia	2040	7661594
Kyrgyzstan	Asia	2050	8237623
Laos	Asia	1950	1885984
Laos	Asia	1960	2309365
Laos	Asia	1970	2844851
Laos	Asia	1980	3293159
Laos	Asia	1990	4210452
Laos	Asia	2000	5497733
Laos	Asia	2010	6994112
Laos	Asia	2020	8639025
Laos	Asia	2030	10252228
Laos	Asia	2040	11836038
Laos	Asia	2050	13176153
Latvia	Europe	1950	1936498
Latvia	Europe	1960	2115183
Latvia	Europe	1970	2361159
Latvia	Europe	1980	2524543
Latvia	Europe	1990	2663590
Latvia	Europe	2000	2376178
Latvia	Europe	2010	2217969
Latvia	Europe	2020	2077447
Latvia	Europe	2030	1902925
Latvia	Europe	2040	1727519
Latvia	Europe	2050	1544073
Lebanon	Asia	1950	1364030
Lebanon	Asia	1960	1786235
Lebanon	Asia	1970	2383029
Lebanon	Asia	1980	3087467
Lebanon	Asia	1990	3149674
Lebanon	Asia	2000	3580728
Lebanon	Asia	2010	4060766
Lebanon	Asia	2020	4422260
Lebanon	Asia	2030	4706129
Lebanon	Asia	2040	4915293
Lebanon	Asia	2050	4964025
Lesotho	Africa	1950	726182
Lesotho	Africa	1960	858551
Lesotho	Africa	1970	1067136
Lesotho	Africa	1980	1344719
Lesotho	Africa	1990	1721260
Lesotho	Africa	2000	2067669
Lesotho	Africa	2010	2133145
Lesotho	Africa	2020	2138673
Lesotho	Africa	2030	2085270
Lesotho	Africa	2040	2003833
Lesotho	Africa	2050	1946586
Liberia	Africa	1950	823885
Liberia	Africa	1960	1054837
Liberia	Africa	1970	1396565
Liberia	Africa	1980	1848799
Liberia	Africa	1990	2117239
Liberia	Africa	2000	2694875
Liberia	Africa	2010	3533896
Liberia	Africa	2020	4324136
Liberia	Africa	2030	5205583
Liberia	Africa	2040	6142434
Liberia	Africa	2050	7091537
Libya	Africa	1950	961305
Libya	Africa	1960	1337947
Libya	Africa	1970	1999162
Libya	Africa	1980	3065365
Libya	Africa	1990	4139825
Libya	Africa	2000	5115450
Libya	Africa	2010	6447047
Libya	Africa	2020	7740156
Libya	Africa	2030	8879850
Libya	Africa	2040	9951155
Libya	Africa	2050	10817176
Liechtenstein	Europe	1950	13500
Liechtenstein	Europe	1960	16426
Liechtenstein	Europe	1970	21103
Liechtenstein	Europe	1980	25074
Liechtenstein	Europe	1990	28796
Liechtenstein	Europe	2000	32204
Liechtenstein	Europe	2010	34978
Liechtenstein	Europe	2020	36941
Liechtenstein	Europe	2030	37844
Liechtenstein	Europe	2040	37312
Liechtenstein	Europe	2050	35776
Lithuania	Europe	1950	2553159
Lithuania	Europe	1960	2764864
Lithuania	Europe	1970	3137562
Lithuania	Europe	1980	3435289
Lithuania	Europe	1990	3694836
Lithuania	Europe	2000	3654387
Lithuania	Europe	2010	3545319
Lithuania	Europe	2020	3435342
Lithuania	Europe	2030	3257214
Lithuania	Europe	2040	3031267
Lithuania	Europe	2050	2787516
Luxembourg	Europe	1950	295587
Luxembourg	Europe	1960	313969
Luxembourg	Europe	1970	339174
Luxembourg	Europe	1980	364400
Luxembourg	Europe	1990	382966
Luxembourg	Europe	2000	438777
Luxembourg	Europe	2010	497538
Luxembourg	Europe	2020	556158
Luxembourg	Europe	2030	615959
Luxembourg	Europe	2040	670809
Luxembourg	Europe	2050	720603
Macedonia	Europe	1950	1224627
Macedonia	Europe	1960	1366198
Macedonia	Europe	1970	1574407
Macedonia	Europe	1980	1792000
Macedonia	Europe	1990	1861361
Macedonia	Europe	2000	2014512
Macedonia	Europe	2010	2072086
Macedonia	Europe	2020	2112774
Macedonia	Europe	2030	2113860
Macedonia	Europe	2040	2068551
Macedonia	Europe	2050	1990728
Madagascar	Africa	1950	4620437
Madagascar	Africa	1960	5481721
Madagascar	Africa	1970	6765644
Madagascar	Africa	1980	8691245
Madagascar	Africa	1990	11632868
Madagascar	Africa	2000	15741942
Madagascar	Africa	2010	21281844
Madagascar	Africa	2020	28373956
Madagascar	Africa	2030	36797205
Madagascar	Africa	2040	46296341
Madagascar	Africa	2050	56513827
Malawi	Africa	1950	2816600
Malawi	Africa	1960	3450444
Malawi	Africa	1970	4508062
Malawi	Africa	1980	6258512
Malawi	Africa	1990	9536250
Malawi	Africa	2000	11559538
Malawi	Africa	2010	14612928
Malawi	Africa	2020	18312797
Malawi	Africa	2030	22182077
Malawi	Africa	2040	26023551
Malawi	Africa	2050	29820957
Malaysia	Asia	1950	6433799
Malaysia	Asia	1960	8428493
Malaysia	Asia	1970	10910216
Malaysia	Asia	1980	13764352
Malaysia	Asia	1990	17507289
Malaysia	Asia	2000	21803909
Malaysia	Asia	2010	26160256
Malaysia	Asia	2020	30765332
Malaysia	Asia	2030	35343804
Malaysia	Asia	2040	39486482
Malaysia	Asia	2050	43243714
Maldives	Asia	1950	79293
Maldives	Asia	1960	92247
Maldives	Asia	1970	114572
Maldives	Asia	1980	152870
Maldives	Asia	1990	216606
Maldives	Asia	2000	299981
Maldives	Asia	2010	395650
Maldives	Asia	2020	391904
Maldives	Asia	2030	401339
Maldives	Asia	2040	426986
Maldives	Asia	2050	444429
Mali	Africa	1950	3687654
Mali	Africa	1960	4494738
Mali	Africa	1970	5546065
Mali	Africa	1980	6758153
Mali	Africa	1990	8084632
Mali	Africa	2000	10048561
Mali	Africa	2010	13024680
Mali	Africa	2020	17504737
Mali	Africa	2030	23693258
Mali	Africa	2040	31398792
Mali	Africa	2050	40002414
Malta	Europe	1950	311973
Malta	Europe	1960	328517
Malta	Europe	1970	325569
Malta	Europe	1980	364001
Malta	Europe	1990	359107
Malta	Europe	2000	389947
Malta	Europe	2010	406771
Malta	Europe	2020	419123
Malta	Europe	2030	419844
Malta	Europe	2040	409683
Malta	Europe	2050	395639
Marshall Islands	Oceania	1950	10904
Marshall Islands	Oceania	1960	15120
Marshall Islands	Oceania	1970	21714
Marshall Islands	Oceania	1980	30681
Marshall Islands	Oceania	1990	45828
Marshall Islands	Oceania	2000	53072
Marshall Islands	Oceania	2010	65859
Marshall Islands	Oceania	2020	77917
Marshall Islands	Oceania	2030	88223
Marshall Islands	Oceania	2040	97084
Marshall Islands	Oceania	2050	103092
Mauritania	Africa	1950	1005595
Mauritania	Africa	1960	1117376
Mauritania	Africa	1970	1289420
Mauritania	Africa	1980	1549589
Mauritania	Africa	1990	1984449
Mauritania	Africa	2000	2667859
Mauritania	Africa	2010	3561498
Mauritania	Africa	2020	4670891
Mauritania	Africa	2030	5941909
Mauritania	Africa	2040	7286189
Mauritania	Africa	2050	8635801
Mauritius	Africa	1950	481270
Mauritius	Africa	1960	663229
Mauritius	Africa	1970	829511
Mauritius	Africa	1980	963701
Mauritius	Africa	1990	1061598
Mauritius	Africa	2000	1185932
Mauritius	Africa	2010	1294104
Mauritius	Africa	2020	1379365
Mauritius	Africa	2030	1436809
Mauritius	Africa	2040	1456339
Mauritius	Africa	2050	1441100
Mayotte	Africa	1950	21597
Mayotte	Africa	1960	27579
Mayotte	Africa	1970	36502
Mayotte	Africa	1980	51995
Mayotte	Africa	1990	89659
Mayotte	Africa	2000	155909
Mayotte	Africa	2010	231139
Mayotte	Africa	2020	311761
Mayotte	Africa	2030	403263
Mayotte	Africa	2040	498142
Mayotte	Africa	2050	592046
Mexico	Southern America	1950	28485180
Mexico	Southern America	1960	38578505
Mexico	Southern America	1970	52775158
Mexico	Southern America	1980	68347479
Mexico	Southern America	1990	84913652
Mexico	Southern America	2000	99926620
Mexico	Southern America	2010	112468855
Mexico	Southern America	2020	124653623
Mexico	Southern America	2030	135172155
Mexico	Southern America	2040	143025978
Mexico	Southern America	2050	147907650
Micronesia Fed. States of	Oceania	1950	30715
Micronesia Fed. States of	Oceania	1960	41777
Micronesia Fed. States of	Oceania	1970	56822
Micronesia Fed. States of	Oceania	1980	77080
Micronesia Fed. States of	Oceania	1990	108600
Micronesia Fed. States of	Oceania	2000	107724
Micronesia Fed. States of	Oceania	2010	107154
Micronesia Fed. States of	Oceania	2020	102436
Micronesia Fed. States of	Oceania	2030	94855
Micronesia Fed. States of	Oceania	2040	85250
Micronesia Fed. States of	Oceania	2050	74483
Moldova	Europe	1950	2336432
Moldova	Europe	1960	2998981
Moldova	Europe	1970	3594517
Moldova	Europe	1980	3996278
Moldova	Europe	1990	4394229
Moldova	Europe	2000	4390812
Moldova	Europe	2010	4317483
Moldova	Europe	2020	4266915
Moldova	Europe	2030	4117620
Moldova	Europe	2040	3895349
Moldova	Europe	2050	3635357
Monaco	Europe	1950	18125
Monaco	Europe	1960	20757
Monaco	Europe	1970	23752
Monaco	Europe	1980	26551
Monaco	Europe	1990	29972
Monaco	Europe	2000	31693
Monaco	Europe	2010	33045
Monaco	Europe	2020	34167
Monaco	Europe	2030	34764
Monaco	Europe	2040	34279
Monaco	Europe	2050	32964
Mongolia	Asia	1950	778555
Mongolia	Asia	1960	954652
Mongolia	Asia	1970	1247600
Mongolia	Asia	1980	1662380
Mongolia	Asia	1990	2217539
Mongolia	Asia	2000	2663757
Mongolia	Asia	2010	3086918
Mongolia	Asia	2020	3535432
Mongolia	Asia	2030	3889553
Mongolia	Asia	2040	4164533
Mongolia	Asia	2050	4340496
Montenegro	Europe	1950	395587
Montenegro	Europe	1960	461487
Montenegro	Europe	1970	514472
Montenegro	Europe	1980	560000
Montenegro	Europe	1990	583202
Montenegro	Europe	2000	732302
Montenegro	Europe	2010	666730
Montenegro	Europe	2020	639302
Montenegro	Europe	2030	628840
Montenegro	Europe	2040	609070
Montenegro	Europe	2050	577654
Montserrat	Southern America	1950	13480
Montserrat	Southern America	1960	12145
Montserrat	Southern America	1970	11591
Montserrat	Southern America	1980	11770
Montserrat	Southern America	1990	10728
Montserrat	Southern America	2000	3942
Montserrat	Southern America	2010	5118
Montserrat	Southern America	2020	5372
Montserrat	Southern America	2030	5642
Montserrat	Southern America	2040	5748
Montserrat	Southern America	2050	5582
Morocco	Africa	1950	9343384
Morocco	Africa	1960	12423434
Morocco	Africa	1970	15909275
Morocco	Africa	1980	19487272
Morocco	Africa	1990	24734809
Morocco	Africa	2000	30184084
Morocco	Africa	2010	35373364
Morocco	Africa	2020	40352591
Morocco	Africa	2030	44759481
Morocco	Africa	2040	48380509
Morocco	Africa	2050	51083745
Mozambique	Africa	1950	6250443
Mozambique	Africa	1960	7472230
Mozambique	Africa	1970	9304375
Mozambique	Africa	1980	12102619
Mozambique	Africa	1990	12666573
Mozambique	Africa	2000	18124564
Mozambique	Africa	2010	22061451
Mozambique	Africa	2020	26479637
Mozambique	Africa	2030	31340391
Mozambique	Africa	2040	36390482
Mozambique	Africa	2050	41842274
Namibia	Africa	1950	463729
Namibia	Africa	1960	590731
Namibia	Africa	1970	764683
Namibia	Africa	1980	1058021
Namibia	Africa	1990	1470569
Namibia	Africa	2000	1893442
Namibia	Africa	2010	2128471
Namibia	Africa	2020	2262573
Namibia	Africa	2030	2280688
Namibia	Africa	2040	2222681
Namibia	Africa	2050	2149815
Nauru	Oceania	1950	3432
Nauru	Oceania	1960	4475
Nauru	Oceania	1970	6700
Nauru	Oceania	1980	7710
Nauru	Oceania	1990	9488
Nauru	Oceania	2000	11845
Nauru	Oceania	2010	14259
Nauru	Oceania	2020	16721
Nauru	Oceania	2030	18971
Nauru	Oceania	2040	20932
Nauru	Oceania	2050	22696
Nepal	Asia	1950	8989915
Nepal	Asia	1960	10034723
Nepal	Asia	1970	11918678
Nepal	Asia	1980	15016477
Nepal	Asia	1990	19325207
Nepal	Asia	2000	24702119
Nepal	Asia	2010	30758068
Nepal	Asia	2020	36924895
Nepal	Asia	2030	42839465
Nepal	Asia	2040	48384438
Nepal	Asia	2050	53293874
Netherlands	Europe	1950	10113527
Netherlands	Europe	1960	11486000
Netherlands	Europe	1970	13032335
Netherlands	Europe	1980	14143901
Netherlands	Europe	1990	14951510
Netherlands	Europe	2000	15907853
Netherlands	Europe	2010	16783092
Netherlands	Europe	2020	17332005
Netherlands	Europe	2030	17672630
Netherlands	Europe	2040	17640411
Netherlands	Europe	2050	17334090
Netherlands Antilles	Southern America	1950	109641
Netherlands Antilles	Southern America	1960	136282
Netherlands Antilles	Southern America	1970	158355
Netherlands Antilles	Southern America	1980	172534
Netherlands Antilles	Southern America	1990	188787
Netherlands Antilles	Southern America	2000	210181
Netherlands Antilles	Southern America	2010	228693
Netherlands Antilles	Southern America	2020	243434
Netherlands Antilles	Southern America	2030	253736
Netherlands Antilles	Southern America	2040	256966
Netherlands Antilles	Southern America	2050	254227
New Caledonia	Oceania	1950	55069
New Caledonia	Oceania	1960	78804
New Caledonia	Oceania	1970	112000
New Caledonia	Oceania	1980	139400
New Caledonia	Oceania	1990	168357
New Caledonia	Oceania	2000	201881
New Caledonia	Oceania	2010	229993
New Caledonia	Oceania	2020	253475
New Caledonia	Oceania	2030	272880
New Caledonia	Oceania	2040	285821
New Caledonia	Oceania	2050	292299
New Zealand	Oceania	1950	1908310
New Zealand	Oceania	1960	2371746
New Zealand	Oceania	1970	2828050
New Zealand	Oceania	1980	3170150
New Zealand	Oceania	1990	3413677
New Zealand	Oceania	2000	3802400
New Zealand	Oceania	2010	4252277
New Zealand	Oceania	2020	4614669
New Zealand	Oceania	2030	4913241
New Zealand	Oceania	2040	5105113
New Zealand	Oceania	2050	5198992
Nicaragua	Southern America	1950	1097916
Nicaragua	Southern America	1960	1492698
Nicaragua	Southern America	1970	2052544
Nicaragua	Southern America	1980	2805646
Nicaragua	Southern America	1990	3685127
Nicaragua	Southern America	2000	4935148
Nicaragua	Southern America	2010	5995928
Nicaragua	Southern America	2020	7030099
Nicaragua	Southern America	2030	7985165
Nicaragua	Southern America	2040	8805080
Nicaragua	Southern America	2050	9478660
Niger	Africa	1950	3271073
Niger	Africa	1960	3912663
Niger	Africa	1970	4840501
Niger	Africa	1980	6118518
Niger	Africa	1990	7945137
Niger	Africa	2000	10516111
Niger	Africa	2010	14053697
Niger	Africa	2020	18456800
Niger	Africa	2030	23585574
Niger	Africa	2040	29106337
Niger	Africa	2050	34419502
Nigeria	Africa	1950	31796939
Nigeria	Africa	1960	41547479
Nigeria	Africa	1970	55585637
Nigeria	Africa	1980	74821273
Nigeria	Africa	1990	96603759
Nigeria	Africa	2000	123178818
Nigeria	Africa	2010	152217341
Nigeria	Africa	2020	182344492
Nigeria	Africa	2030	211775517
Nigeria	Africa	2040	239311250
Nigeria	Africa	2050	264262405
Northern Mariana Is.	Oceania	1950	6286
Northern Mariana Is.	Oceania	1960	8861
Northern Mariana Is.	Oceania	1970	12359
Northern Mariana Is.	Oceania	1980	16890
Northern Mariana Is.	Oceania	1990	44037
Northern Mariana Is.	Oceania	2000	69706
Northern Mariana Is.	Oceania	2010	90677
Northern Mariana Is.	Oceania	2020	108905
Northern Mariana Is.	Oceania	2030	122594
Northern Mariana Is.	Oceania	2040	133758
Northern Mariana Is.	Oceania	2050	143132
Norway	Europe	1950	3265126
Norway	Europe	1960	3581239
Norway	Europe	1970	3877386
Norway	Europe	1980	4085620
Norway	Europe	1990	4242006
Norway	Europe	2000	4492400
Norway	Europe	2010	4676305
Norway	Europe	2020	4836456
Norway	Europe	2030	4977705
Norway	Europe	2040	5008148
Norway	Europe	2050	4966385
Palestine Occ.Terr.	Asia	1950	1016540
Palestine Occ.Terr.	Asia	1960	1113446
Palestine Occ.Terr.	Asia	1970	1032447
Palestine Occ.Terr.	Asia	1980	1359954
Palestine Occ.Terr.	Asia	1990	1898674
Palestine Occ.Terr.	Asia	2000	3110085
Palestine Occ.Terr.	Asia	2010	4119083
Palestine Occ.Terr.	Asia	2020	5179328
Palestine Occ.Terr.	Asia	2030	6152303
Palestine Occ.Terr.	Asia	2040	7033360
Palestine Occ.Terr.	Asia	2050	7769100
Oman	Asia	1950	488588
Oman	Asia	1960	599292
Oman	Asia	1970	778536
Oman	Asia	1980	1174857
Oman	Asia	1990	1772974
Oman	Asia	2000	2534434
Oman	Asia	2010	3525875
Oman	Asia	2020	4683733
Oman	Asia	2030	5932280
Oman	Asia	2040	7176505
Oman	Asia	2050	8359218
Pakistan	Asia	1950	39448232
Pakistan	Asia	1960	50386898
Pakistan	Asia	1970	65705964
Pakistan	Asia	1980	85219117
Pakistan	Asia	1990	114606690
Pakistan	Asia	2000	146404914
Pakistan	Asia	2010	179659223
Pakistan	Asia	2020	212988986
Pakistan	Asia	2030	244144347
Pakistan	Asia	2040	271961364
Pakistan	Asia	2050	295224598
Palau	Oceania	1950	7251
Palau	Oceania	1960	9482
Palau	Oceania	1970	12005
Palau	Oceania	1980	13311
Palau	Oceania	1990	15207
Palau	Oceania	2000	18766
Palau	Oceania	2010	21557
Palau	Oceania	2020	23492
Palau	Oceania	2030	25036
Palau	Oceania	2040	25971
Palau	Oceania	2050	26300
Panama	Southern America	1950	892502
Panama	Southern America	1960	1147610
Panama	Southern America	1970	1531038
Panama	Southern America	1980	1959566
Panama	Southern America	1990	2393441
Panama	Southern America	2000	2899513
Panama	Southern America	2010	3410676
Panama	Southern America	2020	3894082
Panama	Southern America	2030	4322631
Panama	Southern America	2040	4653108
Panama	Southern America	2050	4859334
Papua New Guinea	Oceania	1950	1412466
Papua New Guinea	Oceania	1960	1746986
Papua New Guinea	Oceania	1970	2288056
Papua New Guinea	Oceania	1980	2991217
Papua New Guinea	Oceania	1990	3828459
Papua New Guinea	Oceania	2000	4934083
Papua New Guinea	Oceania	2010	6182390
Papua New Guinea	Oceania	2020	7415168
Papua New Guinea	Oceania	2030	8614378
Papua New Guinea	Oceania	2040	9736140
Papua New Guinea	Oceania	2050	10710550
Paraguay	Southern America	1950	1475669
Paraguay	Southern America	1960	1909538
Paraguay	Southern America	1970	2476785
Paraguay	Southern America	1980	3195918
Paraguay	Southern America	1990	4244133
Paraguay	Southern America	2000	5592197
Paraguay	Southern America	2010	7162084
Paraguay	Southern America	2020	8927848
Paraguay	Southern America	2030	10822012
Paraguay	Southern America	2040	12740348
Paraguay	Southern America	2050	14604978
Peru	Southern America	1950	7632500
Peru	Southern America	1960	9931000
Peru	Southern America	1970	13192800
Peru	Southern America	1980	17295298
Peru	Southern America	1990	21599748
Peru	Southern America	2000	26086695
Peru	Southern America	2010	29907003
Peru	Southern America	2020	33230011
Peru	Southern America	2030	35923148
Peru	Southern America	2040	37722293
Peru	Southern America	2050	38638768
Philippines	Asia	1950	21131264
Philippines	Asia	1960	28528939
Philippines	Asia	1970	38603696
Philippines	Asia	1980	50940182
Philippines	Asia	1990	65087720
Philippines	Asia	2000	81222082
Philippines	Asia	2010	99900177
Philippines	Asia	2020	119328726
Philippines	Asia	2030	138332519
Philippines	Asia	2040	156188148
Philippines	Asia	2050	171964187
Poland	Europe	1950	24824000
Poland	Europe	1960	29589842
Poland	Europe	1970	32526000
Poland	Europe	1980	35578016
Poland	Europe	1990	38119408
Poland	Europe	2000	38654164
Poland	Europe	2010	38463689
Poland	Europe	2020	37949128
Poland	Europe	2030	36530619
Poland	Europe	2040	34480680
Poland	Europe	2050	32084570
Portugal	Europe	1950	8442750
Portugal	Europe	1960	9036700
Portugal	Europe	1970	9044200
Portugal	Europe	1980	9777800
Portugal	Europe	1990	9922689
Portugal	Europe	2000	10335597
Portugal	Europe	2010	10735765
Portugal	Europe	2020	10842038
Portugal	Europe	2030	10731139
Portugal	Europe	2040	10447496
Portugal	Europe	2050	9933334
Puerto Rico	Southern America	1950	2218000
Puerto Rico	Southern America	1960	2358000
Puerto Rico	Southern America	1970	2721754
Puerto Rico	Southern America	1980	3209648
Puerto Rico	Southern America	1990	3536910
Puerto Rico	Southern America	2000	3815909
Puerto Rico	Southern America	2010	3986126
Puerto Rico	Southern America	2020	4080468
Puerto Rico	Southern America	2030	4075092
Puerto Rico	Southern America	2040	3959807
Puerto Rico	Southern America	2050	3762494
Qatar	Asia	1950	25101
Qatar	Asia	1960	45588
Qatar	Asia	1970	115302
Qatar	Asia	1980	236900
Qatar	Asia	1990	446131
Qatar	Asia	2000	626964
Qatar	Asia	2010	840926
Qatar	Asia	2020	905392
Qatar	Asia	2030	971441
Qatar	Asia	2040	1039929
Qatar	Asia	2050	1116165
Romania	Europe	1950	16311000
Romania	Europe	1960	18403414
Romania	Europe	1970	20252541
Romania	Europe	1980	22130036
Romania	Europe	1990	22865945
Romania	Europe	2000	22451921
Romania	Europe	2010	22181287
Romania	Europe	2020	21648028
Romania	Europe	2030	20827076
Romania	Europe	2040	19863483
Romania	Europe	2050	18678226
Russia	Asia	1950	101936816
Russia	Asia	1960	119631633
Russia	Asia	1970	130245476
Russia	Asia	1980	139038849
Russia	Asia	1990	147973076
Russia	Asia	2000	146709971
Russia	Asia	2010	139390205
Russia	Asia	2020	132242117
Russia	Asia	2030	124094477
Russia	Asia	2040	116553081
Russia	Asia	2050	109187353
Rwanda	Africa	1950	2439435
Rwanda	Africa	1960	3031804
Rwanda	Africa	1970	3769171
Rwanda	Africa	1980	5138478
Rwanda	Africa	1990	6981760
Rwanda	Africa	2000	8278209
Rwanda	Africa	2010	10768777
Rwanda	Africa	2020	13982521
Rwanda	Africa	2030	17488421
Rwanda	Africa	2040	21279457
Rwanda	Africa	2050	25128735
Saint Barthelemy	Southern America	1950	2028
Saint Barthelemy	Southern America	1960	2159
Saint Barthelemy	Southern America	1970	2399
Saint Barthelemy	Southern America	1980	2915
Saint Barthelemy	Southern America	1990	5047
Saint Barthelemy	Southern America	2000	7122
Saint Barthelemy	Southern America	2010	7406
Saint Barthelemy	Southern America	2020	7122
Saint Barthelemy	Southern America	2030	7001
Saint Barthelemy	Southern America	2040	6796
Saint Barthelemy	Southern America	2050	6527
Saint Helena	Africa	1950	5248
Saint Helena	Africa	1960	5316
Saint Helena	Africa	1970	5676
Saint Helena	Africa	1980	6469
Saint Helena	Africa	1990	6681
Saint Helena	Africa	2000	7230
Saint Helena	Africa	2010	7670
Saint Helena	Africa	2020	7862
Saint Helena	Africa	2030	7871
Saint Helena	Africa	2040	7686
Saint Helena	Africa	2050	7296
Saint Kitts and Nevis	Southern America	1950	44341
Saint Kitts and Nevis	Southern America	1960	51112
Saint Kitts and Nevis	Southern America	1970	46116
Saint Kitts and Nevis	Southern America	1980	44480
Saint Kitts and Nevis	Southern America	1990	41685
Saint Kitts and Nevis	Southern America	2000	39089
Saint Kitts and Nevis	Southern America	2010	40498
Saint Kitts and Nevis	Southern America	2020	44626
Saint Kitts and Nevis	Southern America	2030	48355
Saint Kitts and Nevis	Southern America	2040	51015
Saint Kitts and Nevis	Southern America	2050	52661
Saint Lucia	Southern America	1950	79050
Saint Lucia	Southern America	1960	87687
Saint Lucia	Southern America	1970	102704
Saint Lucia	Southern America	1980	122477
Saint Lucia	Southern America	1990	137561
Saint Lucia	Southern America	2000	153302
Saint Lucia	Southern America	2010	160922
Saint Lucia	Southern America	2020	166487
Saint Lucia	Southern America	2030	169680
Saint Lucia	Southern America	2040	168631
Saint Lucia	Southern America	2050	162356
Saint Martin	Southern America	1950	2869
Saint Martin	Southern America	1960	4279
Saint Martin	Southern America	1970	5450
Saint Martin	Southern America	1980	7580
Saint Martin	Southern America	1990	30036
Saint Martin	Southern America	2000	28384
Saint Martin	Southern America	2010	30235
Saint Martin	Southern America	2020	32556
Saint Martin	Southern America	2030	33448
Saint Martin	Southern America	2040	34168
Saint Martin	Southern America	2050	34601
St. Pierre & Miquelon	Northern America	1950	4594
St. Pierre & Miquelon	Northern America	1960	4919
St. Pierre & Miquelon	Northern America	1970	5475
St. Pierre & Miquelon	Northern America	1980	5990
St. Pierre & Miquelon	Northern America	1990	6424
St. Pierre & Miquelon	Northern America	2000	6896
St. Pierre & Miquelon	Northern America	2010	7056
St. Pierre & Miquelon	Northern America	2020	7091
St. Pierre & Miquelon	Northern America	2030	7015
St. Pierre & Miquelon	Northern America	2040	6733
St. Pierre & Miquelon	Northern America	2050	6355
St. Vincent and the Gr.	Southern America	1950	66452
St. Vincent and the Gr.	Southern America	1960	81021
St. Vincent and the Gr.	Southern America	1970	87510
St. Vincent and the Gr.	Southern America	1980	98139
St. Vincent and the Gr.	Southern America	1990	106524
St. Vincent and the Gr.	Southern America	2000	115461
St. Vincent and the Gr.	Southern America	2010	118921
St. Vincent and the Gr.	Southern America	2020	119545
St. Vincent and the Gr.	Southern America	2030	115764
St. Vincent and the Gr.	Southern America	2040	106551
St. Vincent and the Gr.	Southern America	2050	92335
Samoa	Oceania	1950	81858
Samoa	Oceania	1960	110043
Samoa	Oceania	1970	142331
Samoa	Oceania	1980	155177
Samoa	Oceania	1990	172257
Samoa	Oceania	2000	196769
Samoa	Oceania	2010	223007
Samoa	Oceania	2020	259016
Samoa	Oceania	2030	304900
Samoa	Oceania	2040	361345
Samoa	Oceania	2050	428641
San Marino	Europe	1950	12780
San Marino	Europe	1960	15406
San Marino	Europe	1970	19189
San Marino	Europe	1980	21463
San Marino	Europe	1990	23469
San Marino	Europe	2000	26937
San Marino	Europe	2010	30669
San Marino	Europe	2020	33501
San Marino	Europe	2030	35401
San Marino	Europe	2040	36097
San Marino	Europe	2050	35335
Sao Tome and Principe	Africa	1950	59730
Sao Tome and Principe	Africa	1960	63403
Sao Tome and Principe	Africa	1970	73631
Sao Tome and Principe	Africa	1980	94071
Sao Tome and Principe	Africa	1990	119361
Sao Tome and Principe	Africa	2000	159948
Sao Tome and Principe	Africa	2010	219334
Sao Tome and Principe	Africa	2020	291776
Sao Tome and Principe	Africa	2030	367017
Sao Tome and Principe	Africa	2040	438420
Sao Tome and Principe	Africa	2050	504753
Saudi Arabia	Asia	1950	3859801
Saudi Arabia	Asia	1960	4718301
Saudi Arabia	Asia	1970	6109051
Saudi Arabia	Asia	1980	9999161
Saudi Arabia	Asia	1990	16060761
Saudi Arabia	Asia	2000	23146685
Saudi Arabia	Asia	2010	29207277
Saudi Arabia	Asia	2020	33577577
Saudi Arabia	Asia	2030	38165761
Saudi Arabia	Asia	2040	43999022
Saudi Arabia	Asia	2050	49830244
Senegal	Africa	1950	2653637
Senegal	Africa	1960	3269808
Senegal	Africa	1970	4317891
Senegal	Africa	1980	5775906
Senegal	Africa	1990	7846295
Senegal	Africa	2000	10332013
Senegal	Africa	2010	13516112
Senegal	Africa	2020	16946008
Senegal	Africa	2030	20514983
Senegal	Africa	2040	24111952
Senegal	Africa	2050	27519852
Serbia	Europe	1950	6710261
Serbia	Europe	1960	7470936
Serbia	Europe	1970	8166726
Serbia	Europe	1980	8955000
Serbia	Europe	1990	9347973
Serbia	Europe	2000	10117908
Serbia	Europe	2010	10172503
Serbia	Europe	2020	10122670
Serbia	Europe	2030	9910361
Serbia	Europe	2040	9634804
Serbia	Europe	2050	9274767
Seychelles	Africa	1950	32903
Seychelles	Africa	1960	41662
Seychelles	Africa	1970	54106
Seychelles	Africa	1980	66489
Seychelles	Africa	1990	73439
Seychelles	Africa	2000	79326
Seychelles	Africa	2010	82949
Seychelles	Africa	2020	86482
Seychelles	Africa	2030	89345
Seychelles	Africa	2040	90530
Seychelles	Africa	2050	89713
Sierra Leone	Africa	1950	2087055
Sierra Leone	Africa	1960	2396304
Sierra Leone	Africa	1970	2789306
Sierra Leone	Africa	1980	3334822
Sierra Leone	Africa	1990	4226425
Sierra Leone	Africa	2000	4815613
Sierra Leone	Africa	2010	6588598
Sierra Leone	Africa	2020	8236545
Sierra Leone	Africa	2030	10105683
Sierra Leone	Africa	2040	12065549
Sierra Leone	Africa	2050	14005153
Singapore	Asia	1950	1022100
Singapore	Asia	1960	1646400
Singapore	Asia	1970	2074507
Singapore	Asia	1980	2413900
Singapore	Asia	1990	3047100
Singapore	Asia	2000	4036753
Singapore	Asia	2010	4701069
Singapore	Asia	2020	5015473
Singapore	Asia	2030	5129684
Singapore	Asia	2040	5002692
Singapore	Asia	2050	4635110
Slovakia	Europe	1950	3463446
Slovakia	Europe	1960	3994270
Slovakia	Europe	1970	4523873
Slovakia	Europe	1980	4965958
Slovakia	Europe	1990	5262616
Slovakia	Europe	2000	5400320
Slovakia	Europe	2010	5470306
Slovakia	Europe	2020	5494128
Slovakia	Europe	2030	5393349
Slovakia	Europe	2040	5202018
Slovakia	Europe	2050	4943616
Slovenia	Europe	1950	1467759
Slovenia	Europe	1960	1557756
Slovenia	Europe	1970	1675739
Slovenia	Europe	1980	1833000
Slovenia	Europe	1990	1991210
Slovenia	Europe	2000	2010557
Slovenia	Europe	2010	2003136
Slovenia	Europe	2020	1951358
Slovenia	Europe	2030	1855374
Slovenia	Europe	2040	1735320
Slovenia	Europe	2050	1596947
Solomon Islands	Oceania	1950	106647
Solomon Islands	Oceania	1960	126363
Solomon Islands	Oceania	1970	163000
Solomon Islands	Oceania	1980	232561
Solomon Islands	Oceania	1990	334604
Solomon Islands	Oceania	2000	466281
Solomon Islands	Oceania	2010	609794
Solomon Islands	Oceania	2020	748250
Solomon Islands	Oceania	2030	881933
Solomon Islands	Oceania	2040	1005555
Solomon Islands	Oceania	2050	1111999
Somalia	Africa	1950	2437932
Somalia	Africa	1960	2955803
Somalia	Africa	1970	3666949
Somalia	Africa	1980	5793555
Somalia	Africa	1990	6692038
Somalia	Africa	2000	7385722
Somalia	Africa	2010	10112453
Somalia	Africa	2020	13271556
Somalia	Africa	2030	17193477
Somalia	Africa	2040	21529475
Somalia	Africa	2050	26024500
South Africa	Africa	1950	13595840
South Africa	Africa	1960	17416653
South Africa	Africa	1970	22739921
South Africa	Africa	1980	29251588
South Africa	Africa	1990	38476273
South Africa	Africa	2000	45064098
South Africa	Africa	2010	49109107
South Africa	Africa	2020	48529675
South Africa	Africa	2030	48854012
South Africa	Africa	2040	49071171
South Africa	Africa	2050	49400628
Spain	Europe	1950	28062963
Spain	Europe	1960	30641187
Spain	Europe	1970	33876479
Spain	Europe	1980	37488360
Spain	Europe	1990	39350769
Spain	Europe	2000	40016081
Spain	Europe	2010	40548753
Spain	Europe	2020	40119891
Spain	Europe	2030	38961192
Spain	Europe	2040	37577911
Spain	Europe	2050	35564293
Sri Lanka	Asia	1950	7533097
Sri Lanka	Asia	1960	9913489
Sri Lanka	Asia	1970	12618720
Sri Lanka	Asia	1980	15055970
Sri Lanka	Asia	1990	17365080
Sri Lanka	Asia	2000	19435869
Sri Lanka	Asia	2010	21513990
Sri Lanka	Asia	2020	23112042
Sri Lanka	Asia	2030	24191916
Sri Lanka	Asia	2040	24833881
Sri Lanka	Asia	2050	24920558
Sudan	Africa	1950	8051151
Sudan	Africa	1960	10588993
Sudan	Africa	1970	13787599
Sudan	Africa	1980	19063992
Sudan	Africa	1990	26049595
Sudan	Africa	2000	34193831
Sudan	Africa	2010	41980182
Sudan	Africa	2020	52040919
Sudan	Africa	2030	63060358
Sudan	Africa	2040	75006303
Sudan	Africa	2050	88227761
Suriname	Southern America	1950	208068
Suriname	Southern America	1960	284298
Suriname	Southern America	1970	372353
Suriname	Southern America	1980	354083
Suriname	Southern America	1990	394801
Suriname	Southern America	2000	432485
Suriname	Southern America	2010	486618
Suriname	Southern America	2020	537395
Suriname	Southern America	2030	580130
Suriname	Southern America	2040	607476
Suriname	Southern America	2050	617249
Swaziland	Africa	1950	277384
Swaziland	Africa	1960	351842
Swaziland	Africa	1970	455145
Swaziland	Africa	1980	611447
Swaziland	Africa	1990	884616
Swaziland	Africa	2000	1109750
Swaziland	Africa	2010	1118575
Swaziland	Africa	2020	1055589
Swaziland	Africa	2030	952654
Swaziland	Africa	2040	838572
Swaziland	Africa	2050	751328
Sweden	Europe	1950	7014005
Sweden	Europe	1960	7480395
Sweden	Europe	1970	8042803
Sweden	Europe	1980	8310473
Sweden	Europe	1990	8600815
Sweden	Europe	2000	8923569
Sweden	Europe	2010	9074055
Sweden	Europe	2020	9244914
Sweden	Europe	2030	9324384
Sweden	Europe	2040	9212177
Sweden	Europe	2050	9084788
Switzerland	Europe	1950	4694000
Switzerland	Europe	1960	5362000
Switzerland	Europe	1970	6267000
Switzerland	Europe	1980	6385229
Switzerland	Europe	1990	6836626
Switzerland	Europe	2000	7266920
Switzerland	Europe	2010	7623438
Switzerland	Europe	2020	7750736
Switzerland	Europe	2030	7756040
Switzerland	Europe	2040	7585833
Switzerland	Europe	2050	7296092
Syria	Africa	1950	3495000
Syria	Africa	1960	4532557
Syria	Africa	1970	6258053
Syria	Africa	1980	8773582
Syria	Africa	1990	12436046
Syria	Africa	2000	16305659
Syria	Africa	2010	20606142
Syria	Africa	2020	24675932
Syria	Africa	2030	28349416
Syria	Africa	2040	31710220
Syria	Africa	2050	34437235
Taiwan	Asia	1950	7981454
Taiwan	Asia	1960	11209160
Taiwan	Asia	1970	14598316
Taiwan	Asia	1980	17848320
Taiwan	Asia	1990	20278248
Taiwan	Asia	2000	22182864
Taiwan	Asia	2010	23024956
Taiwan	Asia	2020	23278106
Taiwan	Asia	2030	22978475
Taiwan	Asia	2040	21887444
Taiwan	Asia	2050	20161286
Tajikistan	Asia	1950	1530047
Tajikistan	Asia	1960	2080556
Tajikistan	Asia	1970	2938516
Tajikistan	Asia	1980	3966425
Tajikistan	Asia	1990	5272333
Tajikistan	Asia	2000	6229697
Tajikistan	Asia	2010	7487489
Tajikistan	Asia	2020	8873669
Tajikistan	Asia	2030	10103024
Tajikistan	Asia	2040	11202706
Tajikistan	Asia	2050	12132365
Tanzania	Africa	1950	7934924
Tanzania	Africa	1960	10259653
Tanzania	Africa	1970	13806869
Tanzania	Africa	1980	18665062
Tanzania	Africa	1990	25214284
Tanzania	Africa	2000	33712118
Tanzania	Africa	2010	41892895
Tanzania	Africa	2020	49988673
Tanzania	Africa	2030	56529885
Tanzania	Africa	2040	62068209
Tanzania	Africa	2050	66843312
Thailand	Asia	1950	20041628
Thailand	Asia	1960	27512750
Thailand	Asia	1970	37090871
Thailand	Asia	1980	47025764
Thailand	Asia	1990	55196722
Thailand	Asia	2000	61862928
Thailand	Asia	2010	66303290
Thailand	Asia	2020	69465871
Thailand	Asia	2030	71143362
Thailand	Asia	2040	70957520
Thailand	Asia	2050	69268817
Timor-Leste	Asia	1950	435529
Timor-Leste	Asia	1960	508860
Timor-Leste	Asia	1970	597574
Timor-Leste	Asia	1980	557162
Timor-Leste	Asia	1990	746086
Timor-Leste	Asia	2000	847141
Timor-Leste	Asia	2010	1154625
Timor-Leste	Asia	2020	1388500
Timor-Leste	Asia	2030	1600013
Timor-Leste	Asia	2040	1786598
Timor-Leste	Asia	2050	1954611
Togo	Africa	1950	1171897
Togo	Africa	1960	1455900
Togo	Africa	1970	1964128
Togo	Africa	1980	2481375
Togo	Africa	1990	3504813
Togo	Africa	2000	4711655
Togo	Africa	2010	6184969
Togo	Africa	2020	7999523
Togo	Africa	2030	10025096
Togo	Africa	2040	12275108
Togo	Africa	2050	14714623
Tonga	Oceania	1950	45744
Tonga	Oceania	1960	63718
Tonga	Oceania	1970	83100
Tonga	Oceania	1980	91361
Tonga	Oceania	1990	92116
Tonga	Oceania	2000	102351
Tonga	Oceania	2010	122580
Tonga	Oceania	2020	140930
Tonga	Oceania	2030	160061
Tonga	Oceania	2040	175971
Tonga	Oceania	2050	188456
Trinidad and Tobago	Southern America	1950	632000
Trinidad and Tobago	Southern America	1960	841150
Trinidad and Tobago	Southern America	1970	955000
Trinidad and Tobago	Southern America	1980	1090513
Trinidad and Tobago	Southern America	1990	1198247
Trinidad and Tobago	Southern America	2000	1118204
Trinidad and Tobago	Southern America	2010	1028782
Trinidad and Tobago	Southern America	2020	936361
Trinidad and Tobago	Southern America	2030	821925
Trinidad and Tobago	Southern America	2040	708641
Trinidad and Tobago	Southern America	2050	622011
Tunisia	Africa	1950	3517210
Tunisia	Africa	1960	4149157
Tunisia	Africa	1970	5098627
Tunisia	Africa	1980	6443183
Tunisia	Africa	1990	8211005
Tunisia	Africa	2000	9567553
Tunisia	Africa	2010	10589025
Tunisia	Africa	2020	11558730
Tunisia	Africa	2030	12216020
Tunisia	Africa	2040	12522186
Tunisia	Africa	2050	12512323
Turkey	Asia	1950	21121639
Turkey	Asia	1960	28217122
Turkey	Asia	1970	35758382
Turkey	Asia	1980	45120802
Turkey	Asia	1990	56084632
Turkey	Asia	2000	65666677
Turkey	Asia	2010	73322470
Turkey	Asia	2020	79678914
Turkey	Asia	2030	84194827
Turkey	Asia	2040	86449641
Turkey	Asia	2050	86473786
Turkmenistan	Asia	1950	1204075
Turkmenistan	Asia	1960	1584820
Turkmenistan	Asia	1970	2181272
Turkmenistan	Asia	1980	2875133
Turkmenistan	Asia	1990	3659090
Turkmenistan	Asia	2000	4519796
Turkmenistan	Asia	2010	5344842
Turkmenistan	Asia	2020	6148010
Turkmenistan	Asia	2030	6806163
Turkmenistan	Asia	2040	7284201
Turkmenistan	Asia	2050	7591841
Turks and Caicos Is.	Southern America	1950	5037
Turks and Caicos Is.	Southern America	1960	5726
Turks and Caicos Is.	Southern America	1970	5617
Turks and Caicos Is.	Southern America	1980	7465
Turks and Caicos Is.	Southern America	1990	11514
Turks and Caicos Is.	Southern America	2000	17511
Turks and Caicos Is.	Southern America	2010	23528
Turks and Caicos Is.	Southern America	2020	29415
Turks and Caicos Is.	Southern America	2030	34954
Turks and Caicos Is.	Southern America	2040	39378
Turks and Caicos Is.	Southern America	2050	42601
Tuvalu	Oceania	1950	4676
Tuvalu	Oceania	1960	5264
Tuvalu	Oceania	1970	5815
Tuvalu	Oceania	1980	7496
Tuvalu	Oceania	1990	9180
Tuvalu	Oceania	2000	10838
Tuvalu	Oceania	2010	12576
Tuvalu	Oceania	2020	14767
Tuvalu	Oceania	2030	16720
Tuvalu	Oceania	2040	18475
Tuvalu	Oceania	2050	20010
Uganda	Africa	1950	5521758
Uganda	Africa	1960	7261862
Uganda	Africa	1970	9742933
Uganda	Africa	1980	12414719
Uganda	Africa	1990	17455758
Uganda	Africa	2000	23955822
Uganda	Africa	2010	33398682
Uganda	Africa	2020	47691458
Uganda	Africa	2030	67286176
Uganda	Africa	2040	93631679
Uganda	Africa	2050	128007514
Ukraine	Europe	1950	36774854
Ukraine	Europe	1960	42644035
Ukraine	Europe	1970	47235697
Ukraine	Europe	1980	50046649
Ukraine	Europe	1990	51621524
Ukraine	Europe	2000	49005222
Ukraine	Europe	2010	45415596
Ukraine	Europe	2020	42561106
Ukraine	Europe	2030	39491822
Ukraine	Europe	2040	36512757
Ukraine	Europe	2050	33573842
United Arab Emirates	Asia	1950	71520
United Arab Emirates	Asia	1960	103048
United Arab Emirates	Asia	1970	249369
United Arab Emirates	Asia	1980	1000285
United Arab Emirates	Asia	1990	1826250
United Arab Emirates	Asia	2000	3219297
United Arab Emirates	Asia	2010	4975593
United Arab Emirates	Asia	2020	6495479
United Arab Emirates	Asia	2030	7483671
United Arab Emirates	Asia	2040	7948183
United Arab Emirates	Asia	2050	8018904
United Kingdom	Europe	1950	50127000
United Kingdom	Europe	1960	52372000
United Kingdom	Europe	1970	55632000
United Kingdom	Europe	1980	56314000
United Kingdom	Europe	1990	57493307
United Kingdom	Europe	2000	59522468
United Kingdom	Europe	2010	61284806
United Kingdom	Europe	2020	63068016
United Kingdom	Europe	2030	64303846
United Kingdom	Europe	2040	64462227
United Kingdom	Europe	2050	63977435
United States of America	Northern America	1950	152271000
United States of America	Northern America	1960	180671000
United States of America	Northern America	1970	205052000
United States of America	Northern America	1980	227726463
United States of America	Northern America	1990	250131894
United States of America	Northern America	2000	282338631
United States of America	Northern America	2010	309162581
United States of America	Northern America	2020	336031546
United States of America	Northern America	2030	363811435
United States of America	Northern America	2040	392172658
United States of America	Northern America	2050	420080587
Uruguay	Southern America	1950	2194275
Uruguay	Southern America	1960	2530969
Uruguay	Southern America	1970	2823659
Uruguay	Southern America	1980	2930486
Uruguay	Southern America	1990	3109542
Uruguay	Southern America	2000	3328075
Uruguay	Southern America	2010	3510386
Uruguay	Southern America	2020	3652847
Uruguay	Southern America	2030	3769219
Uruguay	Southern America	2040	3827223
Uruguay	Southern America	2050	3815368
Uzbekistan	Asia	1950	6292797
Uzbekistan	Asia	1960	8531032
Uzbekistan	Asia	1970	11940155
Uzbekistan	Asia	1980	15993783
Uzbekistan	Asia	1990	20530144
Uzbekistan	Asia	2000	25041821
Uzbekistan	Asia	2010	27865738
Uzbekistan	Asia	2020	30565411
Uzbekistan	Asia	2030	32854526
Uzbekistan	Asia	2040	34278443
Uzbekistan	Asia	2050	35116374
Vanuatu	Oceania	1950	52000
Vanuatu	Oceania	1960	66087
Vanuatu	Oceania	1970	85400
Vanuatu	Oceania	1980	116791
Vanuatu	Oceania	1990	153880
Vanuatu	Oceania	2000	189862
Vanuatu	Oceania	2010	221552
Vanuatu	Oceania	2020	250778
Vanuatu	Oceania	2030	276065
Vanuatu	Oceania	2040	296395
Vanuatu	Oceania	2050	312153
Venezuela	Southern America	1950	5009006
Venezuela	Southern America	1960	7556483
Venezuela	Southern America	1970	10758017
Venezuela	Southern America	1980	14767890
Venezuela	Southern America	1990	19325222
Venezuela	Southern America	2000	23492753
Venezuela	Southern America	2010	27223228
Venezuela	Southern America	2020	31275849
Venezuela	Southern America	2030	34957755
Venezuela	Southern America	2040	37941632
Venezuela	Southern America	2050	40255592
Vietnam	Asia	1950	25348144
Vietnam	Asia	1960	31656282
Vietnam	Asia	1970	42576676
Vietnam	Asia	1980	53715202
Vietnam	Asia	1990	67282704
Vietnam	Asia	2000	79060410
Vietnam	Asia	2010	87814053
Vietnam	Asia	2020	96340682
Vietnam	Asia	2030	102801749
Vietnam	Asia	2040	106362975
Vietnam	Asia	2050	107772641
Virgin Islands British	Southern America	1950	6243
Virgin Islands British	Southern America	1960	7383
Virgin Islands British	Southern America	1970	9828
Virgin Islands British	Southern America	1980	10998
Virgin Islands British	Southern America	1990	15691
Virgin Islands British	Southern America	2000	20384
Virgin Islands British	Southern America	2010	24939
Virgin Islands British	Southern America	2020	29088
Virgin Islands British	Southern America	2030	32151
Virgin Islands British	Southern America	2040	33907
Virgin Islands British	Southern America	2050	34333
Virgin Islands U.S.	Southern America	1950	26900
Virgin Islands U.S.	Southern America	1960	32500
Virgin Islands U.S.	Southern America	1970	63476
Virgin Islands U.S.	Southern America	1980	99636
Virgin Islands U.S.	Southern America	1990	103963
Virgin Islands U.S.	Southern America	2000	108639
Virgin Islands U.S.	Southern America	2010	109775
Virgin Islands U.S.	Southern America	2020	108534
Virgin Islands U.S.	Southern America	2030	105017
Virgin Islands U.S.	Southern America	2040	99007
Virgin Islands U.S.	Southern America	2050	92410
Wallis and Futuna	Oceania	1950	6962
Wallis and Futuna	Oceania	1960	7889
Wallis and Futuna	Oceania	1970	8700
Wallis and Futuna	Oceania	1980	10800
Wallis and Futuna	Oceania	1990	13476
Wallis and Futuna	Oceania	2000	14666
Wallis and Futuna	Oceania	2010	15343
Wallis and Futuna	Oceania	2020	15854
Wallis and Futuna	Oceania	2030	16085
Wallis and Futuna	Oceania	2040	15920
Wallis and Futuna	Oceania	2050	15598
Western Sahara	Africa	1950	9057
Western Sahara	Africa	1960	27811
Western Sahara	Africa	1970	89131
Western Sahara	Africa	1980	130342
Western Sahara	Africa	1990	221385
Western Sahara	Africa	2000	308794
Western Sahara	Africa	2010	416758
Western Sahara	Africa	2020	544999
Western Sahara	Africa	2030	691018
Western Sahara	Africa	2040	843915
Western Sahara	Africa	2050	996674
Yemen	Asia	1950	4777089
Yemen	Asia	1960	5871831
Yemen	Asia	1970	7098239
Yemen	Asia	1980	9132545
Yemen	Asia	1990	12416080
Yemen	Asia	2000	17495140
Yemen	Asia	2010	24658362
Yemen	Asia	2020	34233762
Yemen	Asia	2030	45533743
Yemen	Asia	2040	58125035
Yemen	Asia	2050	71278172
Zambia	Africa	1950	2553000
Zambia	Africa	1960	3254000
Zambia	Africa	1970	4251612
Zambia	Africa	1980	5699777
Zambia	Africa	1990	7977698
Zambia	Africa	2000	10205262
Zambia	Africa	2010	12056923
Zambia	Africa	2020	13947690
Zambia	Africa	2030	15646985
Zambia	Africa	2040	17115569
Zambia	Africa	2050	18435053
Zimbabwe	Africa	1950	2853151
Zimbabwe	Africa	1960	4010933
Zimbabwe	Africa	1970	5514536
Zimbabwe	Africa	1980	7169968
Zimbabwe	Africa	1990	10156044
Zimbabwe	Africa	2000	11820025
Zimbabwe	Africa	2010	11651858
Zimbabwe	Africa	2020	15831990
Zimbabwe	Africa	2030	18819523
Zimbabwe	Africa	2040	21839223
Zimbabwe	Africa	2050	25198196
